{
    "basedOn": "Controller/BankOriginalLayoutHD.json",
    "type": "BankPanel", "name": "BankExpansionLayout",
    "children": [
        {
            "type": "ClickCatcherWidget", "name": "click_catcher",
        },
        {
            "type": "ImageWidget", "name": "background",
            "fields": {
                "rect": { "x": 20, "y": 102 },
                "filename": "PANEL/Stash/StashPanelBG"
            },
        },
//        {
//            "type": "TextBoxWidget", "name": "gold_max",
//            "fields": {
//                "rect": { "x": 454, "y": 1352, "width": 393, "height": 50 },
//            },
//        },
        {
            "type": "TextBoxWidget", "name": "gold_amount",
            "fields": {
                "rect": { "x": 570, "y": 1432, "width": 270, "height": 57 },
                "style": "$StyleGoldAmount",
            },
        },
        {
            "type": "ButtonWidget", "name": "gold_withdraw",
            "fields": {
                "rect": { "x": 510, "y": 1437, "width": 317, "height": 46 },
                "focusIndicatorFilename": "Controller/HoverImages/GoldButton_Hover",
                "focusIndicatorOffset": { "x": 0, "y": 0 },
            },
        },
        {
            "type": "InventoryGridWidget", "name": "grid",
            "fields": {
                "rect": { "x": 25, "y": 110, "scale": 0.80 },
                "cellCount": { "x": 16, "y": 16 },
            },
        },
        {
            "type": "TabBarWidget", "name": "BankTabs",
            "fields": {
                "rect": { "x": 109, "y": -1 },
                "tabCount": 4,
                "filename": "Controller/Panel/Stash/V2/StashTabs",
                "inactiveFrames": [ 1, 1, 1, 1],
                "activeFrames": [ 0, 0, 0, 0 ],
                "disabledFrames": [-1, 1, 1, 1],
                "textStrings": [ "@personal", "@shared I", "@shared II", "@shared III"],
                "textStyle": { "pointSize": "$MediumFontSize" },
                "focusIndicatorFilename": "Controller/HoverImages/StashTab_Hover",
                "focusIndicatorOffset": { "x": 0, "y": -6 },
                "activeTextColor": "$TabsActiveTextColor",
                "inactiveTextColor": "$TabsInactiveTextColor",
                "tabSize": { "x": 269, "y": 120 },
                "tabPadding": "$PanelTabPadding",
                "onSwitchTabMessage": "BankPanelMessage:SelectTab",
                "tabLeftIndicatorPosition": "$HalfPanelLeftTabButtonPromptPosition",
                "tabRightIndicatorPosition": "$HalfPanelRightTabButtonPromptPosition",
                "focusOnMouseOver": true,
            }
        },
    ]
}
