{
    "basedOn": "HoradricCubeLayoutHD.json",
    "type": "HoradricCubePanel", "name": "HoradricCubeLayout",
    "fields": {
        "rect": "$ConsoleLeftPanelRect",
        "defaultWidget": "grid",
    },
    "children": [
        {
            "type": "ClickCatcherWidget", "name": "click_catcher",
            "fields": {
                "rect": [ 0, 0, 0, 0 ],
                "fitToParent": true
            }
        },
        {
            "type": "ImageWidget", "name": "background",
            "fields": {
                "rect": { "x": 0, "y": 30 },
                "filename": "PANEL\\Horadric_Cube\\HoradricCubeBG",
            },
        },
        {
            "type": "ButtonWidget", "name": "convert",
            "fields": {
                "rect": { "x": 589, "y": 1260 },
                "filename": "PANEL\\Horadric_Cube\\TransmuteButton",
                "hoveredFrame": 2,
                "focusIndicatorFilename": "Controller/HoverImages/Transmute_Hover",
                "focusIndicatorOffset": { "x": 0, "y": 0 },
                "navigation": {
                    "right": { "panelBoundary": true },
                    "up": { "name": "grid" },
                },
            },
        },
        {
            "type": "InventoryGridWidget", "name": "grid",
            "fields": {
                "rect": { "x": 135, "y": 94 , "scale": 0.7},
                "gemSocketFilename": "PANEL/gemsocket",
                "navigation": {
                    "right": { "panelBoundary": true },
                    "down": { "name": "convert" },
                },
            },
        },
    ]
}
