﻿[
  {
    "id": 3632,
    "Key": "gemeffect1",
    "enUS": "Helm: adds to strength\nShield: adds to shield's defense\nWeapon: adds to attack rating\n",
    "zhTW": "頭盔:增加力量\n護盾:提昇護盾的防禦等級\n武器:增加攻擊準確率",
    "deDE": "Helm: erhöht Stärke\nSchild: erhöht Verteidigung des Schildes\nWaffe: erhöht Angriffswert\n",
    "esES": "Yelmo: añade fuerza\nEscudo: añade puntuación defensiva del escudo\nArma: añade puntuación en el ataque\n",
    "frFR": "Heaume : augmente la Force\nBouclier : ajoute de la défense au bouclier\nArme : augmente le score d’attaque\n",
    "itIT": "Elmo: aggiunge Forza\nScudo: aggiunge difesa allo scudo\nArma: aggiunge indice d'attacco\n",
    "koKR": "투구: 힘 증가\n방패: 방패의 방어력 증가\n무기: 공격도 증가\n",
    "plPL": "Hełm: zwiększa siłę\nTarcza: zwiększa skuteczność obrony tarczy\nBroń: zwiększa skuteczność ataku\n",
    "esMX": "Yelmo: agrega fuerza\nEscudo: agrega defensa del escudo\nArma: agrega índice de ataque\n",
    "jaJP": "兜: 筋力が上昇\n盾: 盾防御力が上昇\n武器: 命中率が上昇\n",
    "ptBR": "Elmo: aumenta a força\nEscudo: aumenta a defesa do escudo\nArma: aumenta a taxa de ataque\n",
    "ruRU": "Шлем: повышает силу\nЩит: повышает защиту\nОружие: повышает рейтинг атаки\n",
    "zhCN": "头盔:增加力量\n护盾:提升护盾的防御等级\n武器:增加攻击准确率"
  },
  {
    "id": 3633,
    "Key": "gemeffect2",
    "enUS": "Helm: adds to maximum mana\nShield: adds resistance to cold\nWeapon: adds cold damage to attack\n",
    "zhTW": "頭盔:增加法力上限\n護盾:增加對冰凍的抵抗力\n武器:攻擊時附加冰凍傷害",
    "deDE": "Helm: Erhöht maximales Mana\nSchild: Erhöht Kältewiderstand\nWaffe: Fügt Angriffen Kälteschaden hinzu\n",
    "esES": "Yelmo: añade máximo maná\nEscudo: añade resistencia al frío\nArma: añade daño de frío al ataque\n",
    "frFR": "Heaume : augmente le mana max.\nBouclier : augmente la résistance au Froid\nArme : ajoute des dégâts de Froid à l’attaque\n",
    "itIT": "Elmo: aggiunge mana massimo\nScudo: aggiunge resistenza al freddo\nArma: aggiunge danni da freddo\n",
    "koKR": "투구: 최대 마나 증가\n방패: 냉기 저항 증가\n무기: 공격에 냉기 피해 추가\n",
    "plPL": "Hełm: zwiększa maksimum many\nTarcza: zwiększa odporność na zimno\nBroń: dodatkowy atak zimnem\n",
    "esMX": "Yelmo: agrega maná máximo\nEscudo: agrega resistencia al frío\nArma: agrega daño de frío al ataque\n",
    "jaJP": "兜: マナ最大値が上昇\n盾: 冷気耐性が上昇\n武器: 攻撃に冷気ダメージを追加\n",
    "ptBR": "Elmo: aumenta o máximo de mana\nEscudo: adiciona resistência a gelo\nArma: adiciona dano gélido ao ataque\n",
    "ruRU": "Шлем: увеличивает максимальный запас маны\nЩит: повышает сопротивление льду\nОружие: добавляет урон от льда при атаках\n",
    "zhCN": "头盔:增加法力上限\n护盾:增加对冰冻的抵抗力\n武器:攻击时附加冰冻伤害"
  },
  {
    "id": 3634,
    "Key": "gemeffect3",
    "enUS": "Helm: adds to dexterity\nShield: adds resistance to poison\nWeapon: adds poison damage to attack\n",
    "zhTW": "頭盔:增加敏捷\n護盾:增加對毒素的抵抗力\n武器:攻擊時附加毒素傷害",
    "deDE": "Helm: Erhöht Geschicklichkeit\nSchild: Erhöht Giftwiderstand\nWaffe: Fügt Angriffen Giftschaden hinzu\n",
    "esES": "Yelmo: añade destreza\nEscudo: añade resistencia al veneno\nArma: añade daño de veneno al ataque\n",
    "frFR": "Heaume : augmente la dextérité\nBouclier : augmente la résistance au Poison\nArme : ajoute des dégâts de Poison à l’attaque",
    "itIT": "Elmo: aggiunge Destrezza\nScudo: aggiunge resistenza al veleno\nArma: aggiunge danni da veleno\n",
    "koKR": "투구: 민첩 증가\n방패: 독 저항 증가\n무기: 공격에 독 피해 추가\n",
    "plPL": "Hełm: zwiększa zręczność\nTarcza: zwiększa odporność na trucizny\nBroń: dodatkowy atak trucizną\n",
    "esMX": "Yelmo: agrega destreza\nEscudo: agrega resistencia al veneno\nArma: agrega daño de veneno al ataque\n",
    "jaJP": "兜: 敏捷性が上昇\n盾: 毒物耐性が上昇\n武器: 攻撃に毒ダメージを追加\n",
    "ptBR": "Elmo: aumenta a destreza\nEscudo: adiciona resistência a veneno\nArma: adiciona dano venenoso ao ataque\n",
    "ruRU": "Шлем: повышает ловкость\nЩит: повышает сопротивление яду\nОружие: добавляет урон от яда при атаках\n",
    "zhCN": "头盔:增加敏捷\n护盾:增加对毒素的抵抗力\n武器:攻击时附加毒素伤害"
  },
  {
    "id": 3635,
    "Key": "gemeffect4",
    "enUS": "Helm: adds to maximum life\nShield: adds resistance to fire\nWeapon: adds fire damage to attack\n",
    "zhTW": "頭盔:增加生命上限\n護盾:增加對火焰的抵抗力\n武器:攻擊時附加火焰傷害",
    "deDE": "Helm: Erhöht maximales Leben\nSchild: Erhöht Feuerwiderstand\nWaffe: Fügt Angriffen Feuerschaden hinzu\n",
    "esES": "Yelmo: añade máximo de vida\nEscudo: añade resistencia al fuego\nArma: añade daño de fuego al ataque\n",
    "frFR": "Heaume : augmente la vie max.\nBouclier : augmente la résistance au Feu\nArme : ajoute des dégâts de Feu à l’attaque",
    "itIT": "Elmo: aggiunge vita massima\nScudo: aggiunge resistenza al fuoco\nArma: aggiunge danni da fuoco\n",
    "koKR": "투구: 최대 생명력 증가\n방패: 화염 저항 증가\n무기: 공격에 화염 피해 추가\n",
    "plPL": "Hełm: zwiększa maksimum życia\nTarcza: zwiększa odporność na ogień\nBroń: dodatkowy atak ogniem\n",
    "esMX": "Yelmo: agrega vida máxima\nEscudo: agrega resistencia al fuego\nArma: agrega daño de fuego al ataque\n",
    "jaJP": "兜: ライフ最大値が上昇\n盾: 火炎耐性が上昇\n武器: 攻撃に火炎ダメージを追加\n",
    "ptBR": "Elmo: aumenta o máximo de pontos de vida\nEscudo: adiciona resistência a fogo\nArma: adiciona dano ígneo ao ataque\n",
    "ruRU": "Шлем: увеличивает максимальный запас здоровья\nЩит: повышает сопротивление огню\nОружие: добавляет урон от огня при атаках\n",
    "zhCN": "头盔:增加生命上限\n护盾:增加对火焰的抵抗力\n武器:攻击时附加火焰伤害"
  },
  {
    "id": 3636,
    "Key": "gemeffect5",
    "enUS": "Helm: adds to attack rating\nShield: adds to all resistances\nWeapon: adds to damage vs. undead\n",
    "zhTW": "頭盔:增加攻擊準確率\n護盾:增加對所有傷害的抵抗力\n武器:對不死生物具有額外傷害",
    "deDE": "Helm: Erhöht Angriffswert\nSchild: Erhöht alle Widerstände\nWaffe: Erhöht Schaden gegen Untote",
    "esES": "Yelmo: añade puntuación en el ataque\nEscudo: añade todas las resistencias\nArmas: añade daño contra muertos vivientes\n",
    "frFR": "Heaume : augmente le score d’attaque\nBouclier : augmente toutes les résistances\nArme : augmente les dégâts infligés aux Morts-vivants\n",
    "itIT": "Elmo: aggiunge indice d'attacco\nScudo: aggiunge tutte le resistenze\nArma: aggiunge danni contro i non morti\n",
    "koKR": "투구: 공격도 증가\n방패: 모든 저항 증가\n무기: 언데드에게 주는 피해 추가\n",
    "plPL": "Hełm: zwiększa skuteczność ataku\nTarcza: zwiększa wszystkie odporności\nBroń: zwiększa obrażenia przeciw nieumarłym\n",
    "esMX": "Yelmo: agrega índice de ataque\nEscudo: agrega todas las resistencias\nArma: agrega daño contra los no muertos\n",
    "jaJP": "兜: 命中率が上昇\n盾: 全属性耐性が上昇\n武器: アンデッドへのダメージが増加\n",
    "ptBR": "Elmo: aumenta a taxa de ataque\nEscudo: aumenta todas as resistências\nArma: aumenta o dano contra mortos-vivos\n",
    "ruRU": "Шлем: повышает рейтинг атаки\nЩит: повышает сопротивление всем видам урона\nОружие: повышает урон против нежити\n",
    "zhCN": "头盔:增加攻击准确率\n护盾:增加对所有伤害的抵抗力\n武器:对不死生物具有额外伤害"
  },
  {
    "id": 3637,
    "Key": "gemeffect6",
    "enUS": "Helm: adds to chance to find magic items\nShield: adds resistance to lightning\nWeapon: adds lightning damage to attack\n",
    "zhTW": "頭盔:增加找到魔法物品的機率\n護盾:增加對閃電的抵抗力\n武器:攻擊時附加閃電傷害",
    "deDE": "Helm: Erhöht Chance, magische Gegenstände zu finden\nSchild: Erhöht Blitzwiderstand\nWaffe: Fügt Angriffen Blitzschaden hinzu\n",
    "esES": "Yelmo: añade a la posibilidad de encontrar objetos mágicos\nEscudo: añade resistencia al relámpago\nArma: añade daño de relámpago al ataque\n",
    "frFR": "Heaume : augmente les chances de trouver des objets magiques\nBouclier : augmente la résistance à la Foudre\nArme : ajoute des dégâts de Foudre à l’attaque\n",
    "itIT": "Elmo: aggiunge alla probabilità di trovare oggetti magici\nScudo: aggiunge resistenza al fulmine\nArma: aggiunge danni da fulmine\n",
    "koKR": "투구: 마법 아이템 획득 확률 증가\n방패: 번개 저항 증가\n무기: 공격에 번개 피해 추가\n",
    "plPL": "Hełm: zwiększa szansę znalezienie magicznych przedmiotów\nTarcza: zwiększa odporność na błyskawice\nBroń: dodatkowy atak błyskawicą\n",
    "esMX": "Yelmo: agrega probabilidad de encontrar objetos mágicos\nEscudo: agrega resistencia al rayo\nArma: agrega daño de rayo al ataque\n",
    "jaJP": "兜: マジックアイテムのドロップ率が上昇\n盾: 電撃耐性が上昇\n武器: 攻撃に電撃ダメージを追加\n",
    "ptBR": "Elmo: aumenta a chance de encontrar itens mágicos\nEscudo: adiciona resistência elétrica\nArma: adiciona dano elétrico ao ataque\n",
    "ruRU": "Шлем: повышает вероятность найти магические предметы\nЩит: повышает сопротивление молнии\nОружие: добавляет урон от молнии при атаках\n",
    "zhCN": "头盔:增加找到魔法物品的机率\n护盾:增加对闪电的抵抗力\n武器:攻击时附加闪电伤害"
  },
  {
    "id": 3638,
    "Key": "gemeffect7",
    "enUS": "Helm: adds mana and life regeneration\nShield: adds attacker takes damage\nWeapon: adds mana and life steal to attack\n",
    "zhTW": "頭盔:增加法力和生命的回復速度\n護盾:增加攻擊者受傷特性\n武器:增加從攻擊者身上偷取法力和生命的特性",
    "deDE": "Helm: Erhöht Mana- und Lebensregeneration\nSchild: Angreifer erleidet Schaden\nWaffe: Fügt Angriffen Mana- und Lebensraub hinzu\n",
    "esES": "Yelmo: aumenta la regeneración de maná y vida\nEscudo: aumenta el daño infligido al atacante\nArma: aumenta el robo de maná y vida al atacar\n",
    "frFR": "Heaume : accroît la régénération de mana et de vie\nBouclier : augmente les dégâts subis par l’adversaire\nArme : ajoute vol de mana et de vie à l’attaque",
    "itIT": "Elmo: aggiunge rigenerazione di mana e vita\nScudo: aggiunge danni subiti dagli attaccanti\nArma: aggiunge furto di mana e vita\n",
    "koKR": "투구: 마나 및 생명력 재생 속도 증가\n방패: 공격자에게 주는 피해 추가\n무기: 공격에 마나 및 생명력 훔치기 추가\n",
    "plPL": "Hełm: zwiększa manę i szybkość regeneracji\nTarcza: sprawia, że atakujący otrzymuje obrażenia\nBroń: atak kradnie manę i punkty życia\n",
    "esMX": "Yelmo: agrega regeneración de vida y maná\nEscudo: agrega que el atacante recibe daño\nArma: agrega robo de vida y maná al ataque\n",
    "jaJP": "兜: ライフとマナの回復速度が上昇\n盾: 反撃ダメージを追加\n武器: 攻撃時にライフとマナを奪う効果を追加\n",
    "ptBR": "Elmo: adiciona regeneração de pontos de vida e mana\nEscudo: adiciona recebimento de dano pelo agressor\nArma: adiciona roubo de pontos de vida e mana ao ataque\n",
    "ruRU": "Шлем: повышает скорость восполнения маны и здоровья\nЩит: наносит урон атакующим противникам\nОружие: позволяет похищать ману и здоровье при атаках\n",
    "zhCN": "头盔:增加法力和生命的回复速度\n护盾:增加攻击者受伤特性\n武器:增加从攻击者身上偷取法力和生命的特性"
  },
  {
    "id": 4019,
    "Key": "Use",
    "enUS": "Use Gem",
    "zhTW": "使用寶石",
    "deDE": "Edelstein benutzen",
    "esES": "Usar gema",
    "frFR": "Utiliser une gemme",
    "itIT": "Usa Gemma",
    "koKR": "보석 사용",
    "plPL": "Użyj Klejnotu",
    "esMX": "Usar gema",
    "jaJP": "宝石を使う",
    "ptBR": "Usar gema",
    "ruRU": "Использовать самоцвет",
    "zhCN": "使用宝石"
  },
  {
    "id": 11073,
    "Key": "GemXp1",
    "enUS": "Helms:",
    "zhTW": "頭盔:",
    "deDE": "Helme:",
    "esES": "Yelmos:",
    "frFR": "Heaumes :",
    "itIT": "Elmi:",
    "koKR": "투구:",
    "plPL": "Hełm:",
    "esMX": "Yelmos:",
    "jaJP": "兜:",
    "ptBR": "Elmos:",
    "ruRU": "Шлемы:",
    "zhCN": "头盔:"
  },
  {
    "id": 11074,
    "Key": "GemXp2",
    "enUS": "Shields:",
    "zhTW": "盾牌:",
    "deDE": "Schilde:",
    "esES": "Escudos:",
    "frFR": "Boucliers :",
    "itIT": "Scudi:",
    "koKR": "방패:",
    "plPL": "Tarcza:",
    "esMX": "Escudos:",
    "jaJP": "盾:",
    "ptBR": "Escudos:",
    "ruRU": "Щиты:",
    "zhCN": "盾牌:"
  },
  {
    "id": 11075,
    "Key": "GemXp3",
    "enUS": "Weapons:",
    "zhTW": "武器:",
    "deDE": "Waffen:",
    "esES": "Armas:",
    "frFR": "Armes :",
    "itIT": "Armi:",
    "koKR": "무기:",
    "plPL": "Broń:",
    "esMX": "Armas:",
    "jaJP": "武器:",
    "ptBR": "Armas:",
    "ruRU": "Оружие:",
    "zhCN": "武器:"
  },
  {
    "id": 11076,
    "Key": "GemXp4",
    "enUS": "Armor:",
    "zhTW": "裝甲:",
    "deDE": "Rüstung:",
    "esES": "Armadura:",
    "frFR": "Armure :",
    "itIT": "Armature:",
    "koKR": "방어구:",
    "plPL": "Zbroja:",
    "esMX": "Armadura:",
    "jaJP": "鎧:",
    "ptBR": "Armaduras:",
    "ruRU": "Броня:",
    "zhCN": "装甲:"
  },
  {
    "id": 21265,
    "Key": "GemeffectX11",
    "enUS": "Adds to Strength",
    "zhTW": "增加力量",
    "deDE": "Erhöht Stärke",
    "esES": "Se añade a la fuerza",
    "frFR": "Augmente la force",
    "itIT": "Aggiunge Forza",
    "koKR": "힘 증가",
    "plPL": "Zwiększa siłę",
    "esMX": "Agrega fuerza",
    "jaJP": "筋力が上昇",
    "ptBR": "Aumenta a força",
    "ruRU": "Повышает силу",
    "zhCN": "增加力量"
  },
  {
    "id": 21266,
    "Key": "GemeffectX12",
    "enUS": "Adds to Defense",
    "zhTW": "增加防禦等級",
    "deDE": "Erhöht Verteidigung",
    "esES": "Se añade al nivel de defensa",
    "frFR": "Augmente la défense",
    "itIT": "Aggiunge difesa",
    "koKR": "방어력 증가",
    "plPL": "Zwiększa skuteczność obrony",
    "esMX": "Agrega defensa",
    "jaJP": "防御力が上昇",
    "ptBR": "Aumenta a defesa",
    "ruRU": "Повышает защиту",
    "zhCN": "增加防御等级"
  },
  {
    "id": 21267,
    "Key": "GemeffectX13",
    "enUS": "Adds to Attack Rating",
    "zhTW": "增加攻擊準確率",
    "deDE": "Erhöht Angriffswert",
    "esES": "Se añade al nivel de ataque",
    "frFR": "Augmente le score d’attaque",
    "itIT": "Aggiunge indice d'attacco",
    "koKR": "공격도 증가",
    "plPL": "Zwiększa skuteczność ataku",
    "esMX": "Agrega índice de ataque",
    "jaJP": "命中率が上昇",
    "ptBR": "Aumenta a taxa de ataque",
    "ruRU": "Повышает рейтинг атаки",
    "zhCN": "增加攻击准确率"
  },
  {
    "id": 21268,
    "Key": "GemeffectX21",
    "enUS": "Adds to Maximum Mana",
    "zhTW": "增加法力上限",
    "deDE": "Erhöht maximales Mana",
    "esES": "Se añade al maná máximo",
    "frFR": "Augmente le mana max.",
    "itIT": "Aggiunge mana massimo",
    "koKR": "최대 마나 증가",
    "plPL": "Zwiększa maksimum many",
    "esMX": "Agrega maná máximo",
    "jaJP": "マナ最大値が上昇",
    "ptBR": "Aumenta o máximo de mana",
    "ruRU": "Увеличивает максимальный запас маны",
    "zhCN": "增加法力上限"
  },
  {
    "id": 21269,
    "Key": "GemeffectX22",
    "enUS": "Adds Resistance to Cold",
    "zhTW": "ÿc3增加抗冰冷能力",
    "deDE": "Erhöht Kältewiderstand",
    "esES": "Añade resistencia al frío",
    "frFR": "Augmente la résistance au Foid",
    "itIT": "Aggiunge resistenza al freddo",
    "koKR": "냉기 저항 증가",
    "plPL": "Zwiększa odporność na zimno",
    "esMX": "Agrega resistencia al frío",
    "jaJP": "冷気耐性が上昇",
    "ptBR": "Adiciona resistência a gelo",
    "ruRU": "Повышает сопротивление льду",
    "zhCN": "增加抗冰冷能力"
  },
  {
    "id": 21270,
    "Key": "GemeffectX23",
    "enUS": "Adds Cold Damage to Attack",
    "zhTW": "ÿc3攻擊時增加冰冷系的傷害",
    "deDE": "Fügt Angriffen Kälteschaden hinzu",
    "esES": "Añade daño frío al ataque",
    "frFR": "Ajoute des dégâts de Froid",
    "itIT": "Aggiunge danni da freddo",
    "koKR": "공격에 냉기 피해 추가",
    "plPL": "Atak powoduje dodatkowe obrażenia od zimna",
    "esMX": "Agrega daño de frío al ataque",
    "jaJP": "攻撃に冷気ダメージを追加",
    "ptBR": "Adiciona dano gélido ao ataque",
    "ruRU": "Добавляет урон от льда при атаках",
    "zhCN": "攻击时增加冰冷系的伤害"
  },
  {
    "id": 21271,
    "Key": "GemeffectX31",
    "enUS": "Adds to Dexterity",
    "zhTW": "增加靈敏度",
    "deDE": "Erhöht Geschicklichkeit",
    "esES": "Se añade a la destreza",
    "frFR": "Augmente la dextérité",
    "itIT": "Aggiunge Destrezza",
    "koKR": "민첩 증가",
    "plPL": "Zwiększa zręczność",
    "esMX": "Agrega destreza",
    "jaJP": "敏捷性が上昇",
    "ptBR": "Aumenta a destreza",
    "ruRU": "Повышает ловкость",
    "zhCN": "增加灵敏度"
  },
  {
    "id": 21272,
    "Key": "GemeffectX32",
    "enUS": "Adds Resistance to Poison",
    "zhTW": "增加抗毒能力",
    "deDE": "Erhöht Giftwiderstand",
    "esES": "Añade resistencia al veneno",
    "frFR": "Augmente la résistance au Poison",
    "itIT": "Aggiunge resistenza al veleno",
    "koKR": "독 저항 증가",
    "plPL": "Zwiększa odporność na trucizny",
    "esMX": "Agrega resistencia al veneno",
    "jaJP": "毒物耐性が上昇",
    "ptBR": "Adiciona resistência a veneno",
    "ruRU": "Повышает сопротивление яду",
    "zhCN": "增加抗毒能力"
  },
  {
    "id": 21273,
    "Key": "GemeffectX33",
    "enUS": "Adds Poison Damage to Attack",
    "zhTW": "ÿc2攻擊時增加毒素系的傷害",
    "deDE": "Fügt Angriffen Giftschaden hinzu",
    "esES": "Añade daño venenoso al ataque",
    "frFR": "Ajoute des dégâts de Poison",
    "itIT": "Aggiunge danni da veleno",
    "koKR": "공격에 독 피해 추가",
    "plPL": "Atak powoduje dodatkowe obrażenia od trucizn",
    "esMX": "Agrega daño de veneno al ataque",
    "jaJP": "攻撃に毒ダメージを追加",
    "ptBR": "Adiciona dano venenoso ao ataque",
    "ruRU": "Добавляет урон от яда при атаках",
    "zhCN": "攻击时增加毒素系的伤害"
  },
  {
    "id": 21274,
    "Key": "GemeffectX41",
    "enUS": "Adds to Maximum Life",
    "zhTW": "增加生命上限",
    "deDE": "Erhöht maximales Leben",
    "esES": "Se añade a la vida máxima",
    "frFR": "Augmente la vie max.",
    "itIT": "Aggiunge vita massima",
    "koKR": "최대 생명력 증가",
    "plPL": "Zwiększa maksimum życia",
    "esMX": "Agrega vida máxima",
    "jaJP": "ライフ最大値が上昇",
    "ptBR": "Aumenta o máximo de pontos de vida",
    "ruRU": "Увеличивает максимальный запас здоровья",
    "zhCN": "增加生命上限"
  },
  {
    "id": 21275,
    "Key": "GemeffectX42",
    "enUS": "Adds Resistance to Fire",
    "zhTW": "ÿc1增加抗火能力",
    "deDE": "Erhöht Feuerwiderstand",
    "esES": "Añade resistencia al fuego",
    "frFR": "Augmente la résistance au Feu",
    "itIT": "Aggiunge resistenza al fuoco",
    "koKR": "화염 저항 증가",
    "plPL": "Zwiększa odporność na ogień",
    "esMX": "Agrega resistencia al fuego",
    "jaJP": "火炎耐性が上昇",
    "ptBR": "Adiciona resistência a fogo",
    "ruRU": "Повышает сопротивление огню",
    "zhCN": "增加抗火能力"
  },
  {
    "id": 21276,
    "Key": "GemeffectX43",
    "enUS": "Adds Fire Damage to Attack",
    "zhTW": "ÿc1攻擊時增加火焰傷害",
    "deDE": "Fügt Angriffen Feuerschaden hinzu",
    "esES": "Añade daño de fuego al ataque",
    "frFR": "Ajoute des dégâts de Feu",
    "itIT": "Aggiunge danni da fuoco",
    "koKR": "공격에 화염 피해 추가",
    "plPL": "Atak powoduje dodatkowe obrażenia od ognia",
    "esMX": "Agrega daño de fuego al ataque",
    "jaJP": "攻撃に火炎ダメージを追加",
    "ptBR": "Adiciona dano ígneo ao ataque",
    "ruRU": "Добавляет урон от огня при атаках",
    "zhCN": "攻击时增加火焰伤害"
  },
  {
    "id": 21277,
    "Key": "GemeffectX51",
    "enUS": "Adds to Attack Rating",
    "zhTW": "ÿc增加攻擊準確率",
    "deDE": "Erhöht Angriffswert",
    "esES": "Se añade al nivel de ataque",
    "frFR": "Augmente le score d’attaque",
    "itIT": "Aggiunge indice d'attacco",
    "koKR": "공격도 증가",
    "plPL": "Zwiększa skuteczność ataku",
    "esMX": "Agrega índice de ataque",
    "jaJP": "命中率が上昇",
    "ptBR": "Aumenta a taxa de ataque",
    "ruRU": "Повышает рейтинг атаки",
    "zhCN": "增加攻击准确率"
  },
  {
    "id": 21278,
    "Key": "GemeffectX52",
    "enUS": "Adds to All Resistances",
    "zhTW": "ÿc3增加所有抗性",
    "deDE": "Erhöht alle Widerstände",
    "esES": "Se añade a todas las resistencias",
    "frFR": "Augmente toutes les résistances",
    "itIT": "Aggiunge tutte le resistenze",
    "koKR": "모든 저항 증가",
    "plPL": "Zwiększa wszystkie odporności",
    "esMX": "Agrega todas las resistencias",
    "jaJP": "全属性耐性が上昇",
    "ptBR": "Aumenta todas as resistências",
    "ruRU": "Повышает все виды сопротивления",
    "zhCN": "增加所有抗性"
  },
  {
    "id": 21279,
    "Key": "GemeffectX53",
    "enUS": "Adds to Damage vs. Undead",
    "zhTW": "ÿc3ÿc1對付不死系生物時會增加傷害",
    "deDE": "Erhöht Schaden gegen Untote",
    "esES": "Se añade al daño contra los muertos vivientes",
    "frFR": "Augmente les dégâts infligés aux Morts-vivants",
    "itIT": "Aggiunge danni contro i non morti",
    "koKR": "언데드에게 주는 피해 추가",
    "plPL": "Zwiększa obrażenia przeciw nieumarłym",
    "esMX": "Agrega daño contra los no muertos",
    "jaJP": "アンデッドへのダメージが増加",
    "ptBR": "Aumenta o dano contra mortos-vivos",
    "ruRU": "Повышает урон против нежити",
    "zhCN": "对付不死系生物时会增加伤害"
  },
  {
    "id": 21280,
    "Key": "GemeffectX61",
    "enUS": "Adds to Chance to Find Magic Items",
    "zhTW": "ÿc3ÿc9增加找到魔法物品的機率",
    "deDE": "Erhöht Chance, magische Gegenstände zu finden",
    "esES": "Se añade a la posibilidad de encontrar objetos mágicos",
    "frFR": "Augmente les chances de trouver des objets magiques",
    "itIT": "Aggiunge probabilità di trovare oggetti magici",
    "koKR": "마법 아이템 획득 확률 증가",
    "plPL": "Zwiększa szansę znalezienia magicznego przedmiotu",
    "esMX": "Agrega probabilidad de encontrar objetos mágicos",
    "jaJP": "マジックアイテムのドロップ率が上昇",
    "ptBR": "Aumenta a chance de encontrar itens mágicos",
    "ruRU": "Повышает вероятность найти магические предметы",
    "zhCN": "增加找到魔法物品的机率"
  },
  {
    "id": 21281,
    "Key": "GemeffectX62",
    "enUS": "Adds Resistance to Lightning",
    "zhTW": "ÿc3ÿc9增加抵抗閃電的能力",
    "deDE": "Erhöht Blitzwiderstand",
    "esES": "Añade resistencia al rayo",
    "frFR": "Augmente la résistance à la Foudre",
    "itIT": "Aggiunge resistenza al fulmine",
    "koKR": "번개 저항 증가",
    "plPL": "Zwiększa odporność na błyskawice",
    "esMX": "Agrega resistencia al rayo",
    "jaJP": "電撃耐性が上昇",
    "ptBR": "Adiciona resistência elétrica",
    "ruRU": "Повышает сопротивление молнии",
    "zhCN": "增加抵抗闪电的能力"
  },
  {
    "id": 21282,
    "Key": "GemeffectX63",
    "enUS": "Adds Lightning Damage to Attack",
    "zhTW": "ÿc3ÿc9攻擊時增加閃電系的傷害",
    "deDE": "Fügt Angriffen Blitzschaden hinzu",
    "esES": "Añade daño de rayo al ataque",
    "frFR": "Ajoute des dégâts de Foudre",
    "itIT": "Aggiunge danni da fulmine",
    "koKR": "공격에 번개 피해 추가",
    "plPL": "Atak powoduje dodatkowe obrażenia od błyskawic",
    "esMX": "Agrega daño de rayo al ataque",
    "jaJP": "攻撃に電撃ダメージを追加",
    "ptBR": "Adiciona dano elétrico ao ataque",
    "ruRU": "Добавляет урон от молнии при атаках",
    "zhCN": "攻击时增加闪电系的伤害"
  },
  {
    "id": 21283,
    "Key": "GemeffectX71",
    "enUS": "Adds Mana and Life Regeneration",
    "zhTW": "增加法力和生命的回復速度",
    "deDE": "Erhöht Mana- und Lebensregeneration",
    "esES": "Añade maná y regeneración de vida",
    "frFR": "Accroit la régénération de mana et de vie",
    "itIT": "Aggiunge rigenerazione di mana e vita",
    "koKR": "마나 및 생명력 재생 속도 증가",
    "plPL": "Zwiększa regenerację życia i many",
    "esMX": "Agrega regeneración de vida y maná",
    "jaJP": "ライフとマナの回復速度が上昇",
    "ptBR": "Adiciona regeneração de pontos de vida e mana",
    "ruRU": "Повышает скорость восполнения маны и здоровья",
    "zhCN": "增加法力和生命的回复速度"
  },
  {
    "id": 21284,
    "Key": "GemeffectX72",
    "enUS": "Adds Attacker Takes Damage",
    "zhTW": "攻擊者反受傷害",
    "deDE": "Erhöht Schaden des Angreifers",
    "esES": "Añade daño para el atacante",
    "frFR": "Ajoute des dégâts subis par l’attaquant",
    "itIT": "Aggiunge danni subiti dagli attaccanti",
    "koKR": "공격자에게 주는 피해 추가",
    "plPL": "Atakujący otrzymuje obrażenia",
    "esMX": "Agrega que el atacante recibe daño",
    "jaJP": "反撃ダメージを追加",
    "ptBR": "Adiciona recebimento de dano pelo agressor",
    "ruRU": "Наносит урон атакующим противникам",
    "zhCN": "攻击者反受伤害"
  },
  {
    "id": 21285,
    "Key": "GemeffectX73",
    "enUS": "Adds Mana and Life Steal to Attack",
    "zhTW": "攻擊時增加偷取法力和生命",
    "deDE": "Fügt Angriff Mana- und Lebensraub hinzu",
    "esES": "Añade maná y regalo de vida al ataque",
    "frFR": "Ajoute vol de mana et de vie aux dégâts",
    "itIT": "Aggiunge furto di mana e vita",
    "koKR": "공격에 마나 및 생명력 훔치기 추가",
    "plPL": "Atak kradnie manę i punkty życia",
    "esMX": "Agrega robo de vida y maná al ataque",
    "jaJP": "攻撃時にライフとマナを奪う効果を追加",
    "ptBR": "Adiciona roubo de pontos de vida e mana ao ataque",
    "ruRU": "Позволяет похищать ману и здоровье при атаках",
    "zhCN": "攻击时增加偷取法力和生命"
  },
  {
    "id": 25101,
    "Key": "ItemStatsw01",
    "enUS": "Heals %d%% Life and Mana",
    "zhTW": "ÿcT移動速度:+5% ~ 10%\n攻擊速度:+5% ~ 10%\n傷害增強:+10% ~ 15%\nÿcO可用于【武器】【手套】\nÿc0鍛造后可使裝備獲得詞綴[初級激怒]ÿc0",
    "deDE": "Heilt %d %% Leben und Mana.",
    "esES": "Restaura un %d%% de vida y maná",
    "frFR": "Récupère %d %% de Vie et de Mana",
    "itIT": "Rigenera il %d%% di vita e mana",
    "koKR": "생명력 및 마나 %d%% 회복",
    "plPL": "Przywraca %d%% zdrowia i many",
    "esMX": "Sana %d% de vida y de maná",
    "jaJP": "ライフとマナを回復（%d%%）",
    "ptBR": "Cura %d%% de pontos de vida e mana",
    "ruRU": "Восполняет %d%% здоровья и маны.",
    "zhCN": "ÿcT移动速度:+5% ~ 10%\n攻击速度:+5% ~ 10%\n伤害增强:+10% ~ 15%\nÿcO可用于【武器】【手套】\nÿc0锻造后可使装备获得词缀[初级激怒]ÿc0"
  },
  {
    "id": 25102,
    "Key": "ItemStatsw02",
    "enUS": "Heals %d%% Life and Mana",
    "zhTW": "ÿcT移動速度:+8% ~ 15%\n攻擊速度:+8% ~ 15%\n傷害增強:+15% ~ 25%\nÿcO可用于【武器】【手套】\nÿc0鍛造可后使裝備獲得詞綴[中級激怒]ÿc0",
    "deDE": "Heilt %d %% Leben und Mana.",
    "esES": "Restaura un %d%% de vida y maná",
    "frFR": "Récupère %d %% de Vie et de Mana",
    "itIT": "Rigenera il %d%% di vita e mana",
    "koKR": "생명력 및 마나 %d%% 회복",
    "plPL": "Przywraca %d%% zdrowia i many",
    "esMX": "Sana %d% de vida y de maná",
    "jaJP": "ライフとマナを回復（%d%%）",
    "ptBR": "Cura %d%% de pontos de vida e mana",
    "ruRU": "Восполняет %d%% здоровья и маны.",
    "zhCN": "ÿcT移动速度:+8% ~ 15%\n攻击速度:+8% ~ 15%\n伤害增强:+15% ~ 25%\nÿcO可用于【武器】【手套】\nÿc0锻造可后使装备获得词缀[中级激怒]ÿc0"
  },
  {
    "id": 25103,
    "Key": "ItemStatsw03",
    "enUS": "Heals %d%% Life and Mana",
    "zhTW": "ÿcT移動速度:+15% ~ 25%\n攻擊速度:+15% ~ 25%\n傷害增強:+25% ~ 40%\nÿcO可用于【武器】【手套】\nÿc0鍛造后可使裝備獲得詞綴[高級激怒]ÿc0",
    "deDE": "Heilt %d %% Leben und Mana.",
    "esES": "Restaura un %d%% de vida y maná",
    "frFR": "Récupère %d %% de Vie et de Mana",
    "itIT": "Rigenera il %d%% di vita e mana",
    "koKR": "생명력 및 마나 %d%% 회복",
    "plPL": "Przywraca %d%% zdrowia i many",
    "esMX": "Sana %d% de vida y de maná",
    "jaJP": "ライフとマナを回復（%d%%）",
    "ptBR": "Cura %d%% de pontos de vida e mana",
    "ruRU": "Восполняет %d%% здоровья и маны.",
    "zhCN": "ÿcT移动速度:+15% ~ 25%\n攻击速度:+15% ~ 25%\n伤害增强:+25% ~ 40%\nÿcO可用于【武器】【手套】\nÿc0锻造后可使装备获得词缀[高级激怒]ÿc0"
  },
  {
    "id": 25104,
    "Key": "ItemStatsw04",
    "enUS": "Heals %d%% Life and Mana",
    "zhTW": "ÿcT攻擊速度:+5% ~ 10%\n壓碎性打擊:+5% ~ 10%\n物理傷害:+10 ~ 35\nÿcO可用于【武器】【手套】\nÿc0鍛造后可使裝備獲得詞綴[初級野蠻]ÿc0",
    "deDE": "Heilt %d %% Leben und Mana.",
    "esES": "Restaura un %d%% de vida y maná",
    "frFR": "Récupère %d %% de Vie et de Mana",
    "itIT": "Rigenera il %d%% di vita e mana",
    "koKR": "생명력 및 마나 %d%% 회복",
    "plPL": "Przywraca %d%% zdrowia i many",
    "esMX": "Sana %d% de vida y de maná",
    "jaJP": "ライフとマナを回復（%d%%）",
    "ptBR": "Cura %d%% de pontos de vida e mana",
    "ruRU": "Восполняет %d%% здоровья и маны.",
    "zhCN": "ÿcT攻击速度:+5% ~ 10%\n压碎性打击:+5% ~ 10%\n物理伤害:+10 ~ 35\nÿcO可用于【武器】【手套】\nÿc0锻造后可使装备获得词缀[初级野蛮]ÿc0"
  },
  {
    "id": 25105,
    "Key": "ItemStatsw05",
    "enUS": "Heals %d%% Life and Mana",
    "zhTW": "ÿcT攻擊速度:+8% ~ 15%\n壓碎性打擊:+8% ~ 15%\n物理傷害:+25 ~ 55\nÿcO可用于【武器】【手套】\nÿc0鍛造后可使裝備獲得詞綴[中級野蠻]ÿc0",
    "deDE": "Heilt %d %% Leben und Mana.",
    "esES": "Restaura un %d%% de vida y maná",
    "frFR": "Récupère %d %% de Vie et de Mana",
    "itIT": "Rigenera il %d%% di vita e mana",
    "koKR": "생명력 및 마나 %d%% 회복",
    "plPL": "Przywraca %d%% zdrowia i many",
    "esMX": "Sana %d% de vida y de maná",
    "jaJP": "ライフとマナを回復（%d%%）",
    "ptBR": "Cura %d%% de pontos de vida e mana",
    "ruRU": "Восполняет %d%% здоровья и маны.",
    "zhCN": "ÿcT攻击速度:+8% ~ 15%\n压碎性打击:+8% ~ 15%\n物理伤害:+25 ~ 55\nÿcO可用于【武器】【手套】\nÿc0锻造后可使装备获得词缀[中级野蛮]ÿc0"
  },
  {
    "id": 25106,
    "Key": "ItemStatsw06",
    "enUS": "Heals %d%% Life and Mana",
    "zhTW": "ÿcT攻擊速度:+15% ~ 25%\n壓碎性打擊:+15% ~ 25%\n傷害增強:+20% ~ 35%\nÿcO可用于【武器】【手套】\nÿc0鍛造后可使裝備獲得詞綴[高級野蠻]ÿc0",
    "deDE": "Heilt %d %% Leben und Mana.",
    "esES": "Restaura un %d%% de vida y maná",
    "frFR": "Récupère %d %% de Vie et de Mana",
    "itIT": "Rigenera il %d%% di vita e mana",
    "koKR": "생명력 및 마나 %d%% 회복",
    "plPL": "Przywraca %d%% zdrowia i many",
    "esMX": "Sana %d% de vida y de maná",
    "jaJP": "ライフとマナを回復（%d%%）",
    "ptBR": "Cura %d%% de pontos de vida e mana",
    "ruRU": "Восполняет %d%% здоровья и маны.",
    "zhCN": "ÿcT攻击速度:+15% ~ 25%\n压碎性打击:+15% ~ 25%\n伤害增强:+20% ~ 35%\nÿcO可用于【武器】【手套】\nÿc0锻造后可使装备获得词缀[高级野蛮]ÿc0"
  },
  {
    "id": 25107,
    "Key": "ItemStatsw07",
    "enUS": "Heals %d%% Life and Mana",
    "zhTW": "ÿcT致命一擊:+5% ~ 10%\n攻擊減防:+15 ~ 25\n準確率:+30 ~ 50\nÿcO可用于【手套】【戒指】\nÿc0鍛造后可使裝備獲得詞綴[初級鷹眼]ÿc0",
    "deDE": "Heilt %d %% Leben und Mana.",
    "esES": "Restaura un %d%% de vida y maná",
    "frFR": "Récupère %d %% de Vie et de Mana",
    "itIT": "Rigenera il %d%% di vita e mana",
    "koKR": "생명력 및 마나 %d%% 회복",
    "plPL": "Przywraca %d%% zdrowia i many",
    "esMX": "Sana %d% de vida y de maná",
    "jaJP": "ライフとマナを回復（%d%%）",
    "ptBR": "Cura %d%% de pontos de vida e mana",
    "ruRU": "Восполняет %d%% здоровья и маны.",
    "zhCN": "ÿcT致命一击:+5% ~ 10%\n攻击减防:+15 ~ 25\n准确率:+30 ~ 50\nÿcO可用于【手套】【戒指】\nÿc0锻造后可使装备获得词缀[初级鹰眼]ÿc0"
  },
  {
    "id": 25108,
    "Key": "ItemStatsw08",
    "enUS": "Heals %d%% Life and Mana",
    "zhTW": "ÿcT致命一擊:+8% ~ 15%\n攻擊減防:+35 ~ 65\n準確率:+65 ~ 120\nÿcO可用于【手套】【戒指】\nÿc0鍛造后可使裝備獲得詞綴[中級鷹眼]ÿc0",
    "deDE": "Heilt %d %% Leben und Mana.",
    "esES": "Restaura un %d%% de vida y maná",
    "frFR": "Récupère %d %% de Vie et de Mana",
    "itIT": "Rigenera il %d%% di vita e mana",
    "koKR": "생명력 및 마나 %d%% 회복",
    "plPL": "Przywraca %d%% zdrowia i many",
    "esMX": "Sana %d% de vida y de maná",
    "jaJP": "ライフとマナを回復（%d%%）",
    "ptBR": "Cura %d%% de pontos de vida e mana",
    "ruRU": "Восполняет %d%% здоровья и маны.",
    "zhCN": "ÿcT致命一击:+8% ~ 15%\n攻击减防:+35 ~ 65\n准确率:+65 ~ 120\nÿcO可用于【手套】【戒指】\nÿc0锻造后可使装备获得词缀[中级鹰眼]ÿc0"
  },
  {
    "id": 25109,
    "Key": "ItemStatsw09",
    "enUS": "Heals %d%% Life and Mana",
    "zhTW": "ÿcT致命一擊:+15% ~ 25%\n無視目標防禦\n準確率:+15% ~ 25%\nÿcO可用于【手套】【戒指】\nÿc0鍛造后可使裝備獲得詞綴[高級鷹眼]ÿc0",
    "deDE": "Heilt %d %% Leben und Mana.",
    "esES": "Restaura un %d%% de vida y maná",
    "frFR": "Récupère %d %% de Vie et de Mana",
    "itIT": "Rigenera il %d%% di vita e mana",
    "koKR": "생명력 및 마나 %d%% 회복",
    "plPL": "Przywraca %d%% zdrowia i many",
    "esMX": "Sana %d% de vida y de maná",
    "jaJP": "ライフとマナを回復（%d%%）",
    "ptBR": "Cura %d%% de pontos de vida e mana",
    "ruRU": "Восполняет %d%% здоровья и маны.",
    "zhCN": "ÿcT致命一击:+15% ~ 25%\n无视目标防御\n准确率:+15% ~ 25%\nÿcO可用于【手套】【戒指】\nÿc0锻造后可使装备获得词缀[高级鹰眼]ÿc0"
  },
  {
    "id": 25110,
    "Key": "ItemStatsw10",
    "enUS": "Heals %d%% Life and Mana",
    "zhTW": "ÿcT活力:+5 ~ 10\n生命偷取:+3% ~ 5%\n生命恢復:+5 ~ 10\nÿcO可用于【手套】【戒指】\nÿc0鍛造后可使裝備獲得詞綴[初級血怒]ÿc0",
    "deDE": "Heilt %d %% Leben und Mana.",
    "esES": "Restaura un %d%% de vida y maná",
    "frFR": "Récupère %d %% de Vie et de Mana",
    "itIT": "Rigenera il %d%% di vita e mana",
    "koKR": "생명력 및 마나 %d%% 회복",
    "plPL": "Przywraca %d%% zdrowia i many",
    "esMX": "Sana %d% de vida y de maná",
    "jaJP": "ライフとマナを回復（%d%%）",
    "ptBR": "Cura %d%% de pontos de vida e mana",
    "ruRU": "Восполняет %d%% здоровья и маны.",
    "zhCN": "ÿcT活力:+5 ~ 10\n生命偷取:+3% ~ 5%\n生命恢复:+5 ~ 10\nÿcO可用于【手套】【戒指】\nÿc0锻造后可使装备获得词缀[初级血怒]ÿc0"
  },
  {
    "id": 25111,
    "Key": "ItemStatsw11",
    "enUS": "Heals %d%% Life and Mana",
    "zhTW": "ÿcT活力:+10 ~ 25\n生命偷取:+5% ~ 8%\n生命恢復:+8 ~ 15\nÿcO可用于【手套】【戒指】\nÿc0鍛造后可使裝備獲得詞綴[中級血怒]ÿc0",
    "deDE": "Heilt %d %% Leben und Mana.",
    "esES": "Restaura un %d%% de vida y maná",
    "frFR": "Récupère %d %% de Vie et de Mana",
    "itIT": "Rigenera il %d%% di vita e mana",
    "koKR": "생명력 및 마나 %d%% 회복",
    "plPL": "Przywraca %d%% zdrowia i many",
    "esMX": "Sana %d% de vida y de maná",
    "jaJP": "ライフとマナを回復（%d%%）",
    "ptBR": "Cura %d%% de pontos de vida e mana",
    "ruRU": "Восполняет %d%% здоровья и маны.",
    "zhCN": "ÿcT活力:+10 ~ 25\n生命偷取:+5% ~ 8%\n生命恢复:+8 ~ 15\nÿcO可用于【手套】【戒指】\nÿc0锻造后可使装备获得词缀[中级血怒]ÿc0"
  },
  {
    "id": 25112,
    "Key": "ItemStatsw12",
    "enUS": "Heals %d%% Life and Mana",
    "zhTW": "ÿcT活力:+25 ~ 45\n生命偷取:+8% ~ 15%\n防止怪物治療\nÿcO可用于【手套】【戒指】\nÿc0鍛造后可使裝備獲得詞綴[高級血怒]ÿc0",
    "deDE": "Heilt %d %% Leben und Mana.",
    "esES": "Restaura un %d%% de vida y maná",
    "frFR": "Récupère %d %% de Vie et de Mana",
    "itIT": "Rigenera il %d%% di vita e mana",
    "koKR": "생명력 및 마나 %d%% 회복",
    "plPL": "Przywraca %d%% zdrowia i many",
    "esMX": "Sana %d% de vida y de maná",
    "jaJP": "ライフとマナを回復（%d%%）",
    "ptBR": "Cura %d%% de pontos de vida e mana",
    "ruRU": "Восполняет %d%% здоровья и маны.",
    "zhCN": "ÿcT活力:+25 ~ 45\n生命偷取:+8% ~ 15%\n防止怪物治疗\nÿcO可用于【手套】【戒指】\nÿc0锻造后可使装备获得词缀[高级血怒]ÿc0"
  },
  {
    "id": 25113,
    "Key": "ItemStatsw13",
    "enUS": "Heals %d%% Life and Mana",
    "zhTW": "ÿcT致命一擊:+5% ~ 10%\n撕開目標傷口幾率:+5% ~ 10%\n壓碎性打擊:+5% ~ 10%\nÿcO可用于【武器】【項鏈】\nÿc0鍛造后可使裝備獲得詞綴[初級嗜血屠殺]ÿc0",
    "deDE": "Heilt %d %% Leben und Mana.",
    "esES": "Restaura un %d%% de vida y maná",
    "frFR": "Récupère %d %% de Vie et de Mana",
    "itIT": "Rigenera il %d%% di vita e mana",
    "koKR": "생명력 및 마나 %d%% 회복",
    "plPL": "Przywraca %d%% zdrowia i many",
    "esMX": "Sana %d% de vida y de maná",
    "jaJP": "ライフとマナを回復（%d%%）",
    "ptBR": "Cura %d%% de pontos de vida e mana",
    "ruRU": "Восполняет %d%% здоровья и маны.",
    "zhCN": "ÿcT致命一击:+5% ~ 10%\n撕开目标伤口几率:+5% ~ 10%\n压碎性打击:+5% ~ 10%\nÿcO可用于【武器】【项链】\nÿc0锻造后可使装备获得词缀[初级嗜血屠杀]ÿc0"
  },
  {
    "id": 25114,
    "Key": "ItemStatsw14",
    "enUS": "Heals %d%% Life and Mana",
    "zhTW": "ÿcT致命一擊:+8% ~ 15%\n撕開目標傷口幾率:+8% ~ 15%\n壓碎性打擊:+8% ~ 15%\nÿcO可用于【武器】【項鏈】\nÿc0鍛造后可使裝備獲得詞綴[中級嗜血屠殺]ÿc0",
    "deDE": "Heilt %d %% Leben und Mana.",
    "esES": "Restaura un %d%% de vida y maná",
    "frFR": "Récupère %d %% de Vie et de Mana",
    "itIT": "Rigenera il %d%% di vita e mana",
    "koKR": "생명력 및 마나 %d%% 회복",
    "plPL": "Przywraca %d%% zdrowia i many",
    "esMX": "Sana %d% de vida y de maná",
    "jaJP": "ライフとマナを回復（%d%%）",
    "ptBR": "Cura %d%% de pontos de vida e mana",
    "ruRU": "Восполняет %d%% здоровья и маны.",
    "zhCN": "ÿcT致命一击:+8% ~ 15%\n撕开目标伤口几率:+8% ~ 15%\n压碎性打击:+8% ~ 15%\nÿcO可用于【武器】【项链】\nÿc0锻造后可使装备获得词缀[中级嗜血屠杀]ÿc0"
  },
  {
    "id": 25115,
    "Key": "ItemStatsw15",
    "enUS": "Heals %d%% Life and Mana",
    "zhTW": "ÿcT致命一擊:+15% ~ 25%\n撕開目標傷口幾率:+15% ~ 25%\n壓碎性打擊:+15% ~ 25%\nÿcO可用于【武器】【項鏈】\nÿc0鍛造后可使裝備獲得詞綴[高級嗜血屠殺]ÿc0",
    "deDE": "Heilt %d %% Leben und Mana.",
    "esES": "Restaura un %d%% de vida y maná",
    "frFR": "Récupère %d %% de Vie et de Mana",
    "itIT": "Rigenera il %d%% di vita e mana",
    "koKR": "생명력 및 마나 %d%% 회복",
    "plPL": "Przywraca %d%% zdrowia i many",
    "esMX": "Sana %d% de vida y de maná",
    "jaJP": "ライフとマナを回復（%d%%）",
    "ptBR": "Cura %d%% de pontos de vida e mana",
    "ruRU": "Восполняет %d%% здоровья и маны.",
    "zhCN": "ÿcT致命一击:+15% ~ 25%\n撕开目标伤口几率:+15% ~ 25%\n压碎性打击:+15% ~ 25%\nÿcO可用于【武器】【项链】\nÿc0锻造后可使装备获得词缀[高级嗜血屠杀]ÿc0"
  },
  {
    "id": 25116,
    "Key": "ItemStatsw16",
    "enUS": "Heals %d%% Life and Mana",
    "zhTW": "ÿcT命中使目標減速:+10% ~ 15%\n準確率:+35 ~ 65\n穿刺幾率:+5% ~ 10%\nÿcO可用于【手套】【項鏈】\nÿc0鍛造后可使裝備獲得詞綴[初級百步穿楊]ÿc0",
    "deDE": "Heilt %d %% Leben und Mana.",
    "esES": "Restaura un %d%% de vida y maná",
    "frFR": "Récupère %d %% de Vie et de Mana",
    "itIT": "Rigenera il %d%% di vita e mana",
    "koKR": "생명력 및 마나 %d%% 회복",
    "plPL": "Przywraca %d%% zdrowia i many",
    "esMX": "Sana %d% de vida y de maná",
    "jaJP": "ライフとマナを回復（%d%%）",
    "ptBR": "Cura %d%% de pontos de vida e mana",
    "ruRU": "Восполняет %d%% здоровья и маны.",
    "zhCN": "ÿcT命中使目标减速:+10% ~ 15%\n准确率:+35 ~ 65\n穿刺几率:+5% ~ 10%\nÿcO可用于【手套】【项链】\nÿc0锻造后可使装备获得词缀[初级百步穿杨]ÿc0"
  },
  {
    "id": 25117,
    "Key": "ItemStatsw17",
    "enUS": "Heals %d%% Life and Mana",
    "zhTW": "ÿcT命中使目標減速:+15% ~ 25%\n準確率:+65 ~ 125\n穿刺幾率:+10% ~ 20%\nÿcO可用于【手套】【項鏈】\nÿc0鍛造后可使裝備獲得詞綴[中級百步穿楊]ÿc0",
    "deDE": "Heilt %d %% Leben und Mana.",
    "esES": "Restaura un %d%% de vida y maná",
    "frFR": "Récupère %d %% de Vie et de Mana",
    "itIT": "Rigenera il %d%% di vita e mana",
    "koKR": "생명력 및 마나 %d%% 회복",
    "plPL": "Przywraca %d%% zdrowia i many",
    "esMX": "Sana %d% de vida y de maná",
    "jaJP": "ライフとマナを回復（%d%%）",
    "ptBR": "Cura %d%% de pontos de vida e mana",
    "ruRU": "Восполняет %d%% здоровья и маны.",
    "zhCN": "ÿcT命中使目标减速:+15% ~ 25%\n准确率:+65 ~ 125\n穿刺几率:+10% ~ 20%\nÿcO可用于【手套】【项链】\nÿc0锻造后可使装备获得词缀[中级百步穿杨]ÿc0"
  },
  {
    "id": 25118,
    "Key": "ItemStatsw18",
    "enUS": "Heals %d%% Life and Mana",
    "zhTW": "ÿcT命中使目標致盲\n擊退\n穿刺幾率:+20% ~ 35%\nÿcO可用于【手套】【項鏈】\nÿc0鍛造后可使裝備獲得詞綴[高級百步穿楊]ÿc0",
    "deDE": "Heilt %d %% Leben und Mana.",
    "esES": "Restaura un %d%% de vida y maná",
    "frFR": "Récupère %d %% de Vie et de Mana",
    "itIT": "Rigenera il %d%% di vita e mana",
    "koKR": "생명력 및 마나 %d%% 회복",
    "plPL": "Przywraca %d%% zdrowia i many",
    "esMX": "Sana %d% de vida y de maná",
    "jaJP": "ライフとマナを回復（%d%%）",
    "ptBR": "Cura %d%% de pontos de vida e mana",
    "ruRU": "Восполняет %d%% здоровья и маны.",
    "zhCN": "ÿcT命中使目标致盲\n击退\n穿刺几率:+20% ~ 35%\nÿcO可用于【手套】【项链】\nÿc0锻造后可使装备获得词缀[高级百步穿杨]ÿc0"
  },
  {
    "id": 25119,
    "Key": "ItemStatsw19",
    "enUS": "Heals %d%% Life and Mana",
    "zhTW": "ÿcT火焰傷害:+15 ~ 35\n冰冷傷害:+15 ~ 35\n閃電傷害:+15 ~ 35\n毒素傷害：+15 ~ 35\nÿcO可用于【武器】【戒指】\nÿc0鍛造后可使裝備獲得詞綴[初級魔戰士]ÿc0",
    "deDE": "Heilt %d %% Leben und Mana.",
    "esES": "Restaura un %d%% de vida y maná",
    "frFR": "Récupère %d %% de Vie et de Mana",
    "itIT": "Rigenera il %d%% di vita e mana",
    "koKR": "생명력 및 마나 %d%% 회복",
    "plPL": "Przywraca %d%% zdrowia i many",
    "esMX": "Sana %d% de vida y de maná",
    "jaJP": "ライフとマナを回復（%d%%）",
    "ptBR": "Cura %d%% de pontos de vida e mana",
    "ruRU": "Восполняет %d%% здоровья и маны.",
    "zhCN": "ÿcT火焰伤害:+15 ~ 35\n冰冷伤害:+15 ~ 35\n闪电伤害:+15 ~ 35\n毒素伤害：+15 ~ 35\nÿcO可用于【武器】【戒指】\nÿc0锻造后可使装备获得词缀[初级魔战士]ÿc0"
  },
  {
    "id": 25120,
    "Key": "ItemStatsw20",
    "enUS": "Heals %d%% Life and Mana",
    "zhTW": "ÿcT火焰傷害:+25 ~ 55\n冰冷傷害:+25 ~ 55\n閃電傷害:+25 ~ 55\n毒素傷害：+25 ~ 55\nÿcO可用于【武器】【戒指】\nÿc0鍛造后可使裝備獲得詞綴[中級魔戰士]ÿc0",
    "deDE": "Heilt %d %% Leben und Mana.",
    "esES": "Restaura un %d%% de vida y maná",
    "frFR": "Récupère %d %% de Vie et de Mana",
    "itIT": "Rigenera il %d%% di vita e mana",
    "koKR": "생명력 및 마나 %d%% 회복",
    "plPL": "Przywraca %d%% zdrowia i many",
    "esMX": "Sana %d% de vida y de maná",
    "jaJP": "ライフとマナを回復（%d%%）",
    "ptBR": "Cura %d%% de pontos de vida e mana",
    "ruRU": "Восполняет %d%% здоровья и маны.",
    "zhCN": "ÿcT火焰伤害:+25 ~ 55\n冰冷伤害:+25 ~ 55\n闪电伤害:+25 ~ 55\n毒素伤害：+25 ~ 55\nÿcO可用于【武器】【戒指】\nÿc0锻造后可使装备获得词缀[中级魔战士]ÿc0"
  },
  {
    "id": 25121,
    "Key": "ItemStatsw21",
    "enUS": "Heals %d%% Life and Mana",
    "zhTW": "ÿcT火焰傷害:+65 ~ 100\n冰冷傷害:+55 ~ 100\n閃電傷害:+65 ~ 100\n毒素傷害：+65 ~ 100\n魔法傷害：+65 ~ 100\nÿcO可用于【武器】【戒指】\nÿc0鍛造后可使裝備獲得詞綴[高級魔戰士]ÿc0",
    "deDE": "Heilt %d %% Leben und Mana.",
    "esES": "Restaura un %d%% de vida y maná",
    "frFR": "Récupère %d %% de Vie et de Mana",
    "itIT": "Rigenera il %d%% di vita e mana",
    "koKR": "생명력 및 마나 %d%% 회복",
    "plPL": "Przywraca %d%% zdrowia i many",
    "esMX": "Sana %d% de vida y de maná",
    "jaJP": "ライフとマナを回復（%d%%）",
    "ptBR": "Cura %d%% de pontos de vida e mana",
    "ruRU": "Восполняет %d%% здоровья и маны.",
    "zhCN": "ÿcT火焰伤害:+65 ~ 100\n冰冷伤害:+55 ~ 100\n闪电伤害:+65 ~ 100\n毒素伤害：+65 ~ 100\n魔法伤害：+65 ~ 100\nÿcO可用于【武器】【戒指】\nÿc0锻造后可使装备获得词缀[高级魔战士]ÿc0"
  },
  {
    "id": 25122,
    "Key": "ItemStatsw22",
    "enUS": "Heals %d%% Life and Mana",
    "zhTW": "ÿcT擊殺敵人後恢復法力:+1 ~ 2\n法力偷取:+3% ~ 5%\n生命偷取:+3% ~ 5%\nÿcO可用于【手套】【戒指】\nÿc0鍛造后可使裝備獲得詞綴[初級饑渴]ÿc0",
    "deDE": "Heilt %d %% Leben und Mana.",
    "esES": "Restaura un %d%% de vida y maná",
    "frFR": "Récupère %d %% de Vie et de Mana",
    "itIT": "Rigenera il %d%% di vita e mana",
    "koKR": "생명력 및 마나 %d%% 회복",
    "plPL": "Przywraca %d%% zdrowia i many",
    "esMX": "Sana %d% de vida y de maná",
    "jaJP": "ライフとマナを回復（%d%%）",
    "ptBR": "Cura %d%% de pontos de vida e mana",
    "ruRU": "Восполняет %d%% здоровья и маны.",
    "zhCN": "ÿcT击杀敌人后恢复法力:+1 ~ 2\n法力偷取:+3% ~ 5%\n生命偷取:+3% ~ 5%\nÿcO可用于【手套】【戒指】\nÿc0锻造后可使装备获得词缀[初级饥渴]ÿc0"
  },
  {
    "id": 25123,
    "Key": "ItemStatsw23",
    "enUS": "Heals %d%% Life and Mana",
    "zhTW": "ÿcT擊殺敵人後恢復法力:+2 ~ 4\n法力偷取:+5% ~ 8%\n生命偷取:+5% ~ 8%\nÿcO可用于【手套】【戒指】\nÿc0鍛造后可使裝備獲得詞綴[中級饑渴]ÿc0",
    "deDE": "Heilt %d %% Leben und Mana.",
    "esES": "Restaura un %d%% de vida y maná",
    "frFR": "Récupère %d %% de Vie et de Mana",
    "itIT": "Rigenera il %d%% di vita e mana",
    "koKR": "생명력 및 마나 %d%% 회복",
    "plPL": "Przywraca %d%% zdrowia i many",
    "esMX": "Sana %d% de vida y de maná",
    "jaJP": "ライフとマナを回復（%d%%）",
    "ptBR": "Cura %d%% de pontos de vida e mana",
    "ruRU": "Восполняет %d%% здоровья и маны.",
    "zhCN": "ÿcT击杀敌人后恢复法力:+2 ~ 4\n法力偷取:+5% ~ 8%\n生命偷取:+5% ~ 8%\nÿcO可用于【手套】【戒指】\nÿc0锻造后可使装备获得词缀[中级饥渴]ÿc0"
  },
  {
    "id": 25124,
    "Key": "ItemStatsw24",
    "enUS": "Heals %d%% Life and Mana",
    "zhTW": "ÿcT擊殺敵人後恢復法力:+4 ~ 8\n法力偷取:+8% ~ 15%\n生命偷取:+8% ~ 15%\nÿcO可用于【手套】【戒指】\nÿc0鍛造后可使裝備獲得詞綴[高級饑渴]ÿc0",
    "deDE": "Heilt %d %% Leben und Mana.",
    "esES": "Restaura un %d%% de vida y maná",
    "frFR": "Récupère %d %% de Vie et de Mana",
    "itIT": "Rigenera il %d%% di vita e mana",
    "koKR": "생명력 및 마나 %d%% 회복",
    "plPL": "Przywraca %d%% zdrowia i many",
    "esMX": "Sana %d% de vida y de maná",
    "jaJP": "ライフとマナを回復（%d%%）",
    "ptBR": "Cura %d%% de pontos de vida e mana",
    "ruRU": "Восполняет %d%% здоровья и маны.",
    "zhCN": "ÿcT击杀敌人后恢复法力:+4 ~ 8\n法力偷取:+8% ~ 15%\n生命偷取:+8% ~ 15%\nÿcO可用于【手套】【戒指】\nÿc0锻造后可使装备获得词缀[高级饥渴]ÿc0"
  },
  {
    "id": 25131,
    "Key": "ItemStatsw31",
    "enUS": "Heals %d%% Life and Mana",
    "zhTW": "ÿcT所有抗性:+5% ~ 10%\n物理傷害:+10 ~ 30\n防禦:+50 ~ 100\nÿcO可用于【衣服】【帽子】\nÿc0鍛造后可使裝備獲得詞綴[初級鑽石皮膚]ÿc0",
    "deDE": "Heilt %d %% Leben und Mana.",
    "esES": "Restaura un %d%% de vida y maná",
    "frFR": "Récupère %d %% de Vie et de Mana",
    "itIT": "Rigenera il %d%% di vita e mana",
    "koKR": "생명력 및 마나 %d%% 회복",
    "plPL": "Przywraca %d%% zdrowia i many",
    "esMX": "Sana %d% de vida y de maná",
    "jaJP": "ライフとマナを回復（%d%%）",
    "ptBR": "Cura %d%% de pontos de vida e mana",
    "ruRU": "Восполняет %d%% здоровья и маны.",
    "zhCN": "ÿcT所有抗性:+5% ~ 10%\n物理伤害:+10 ~ 30\n防御:+50 ~ 100\nÿcO可用于【衣服】【帽子】\nÿc0锻造后可使装备获得词缀[初级鑽石皮肤]ÿc0"
  },
  {
    "id": 25132,
    "Key": "ItemStatsw32",
    "enUS": "Heals %d%% Life and Mana",
    "zhTW": "ÿcT所有抗性:+8% ~ 15%\n物理傷害:+25 ~ 50\n防禦:+80 ~ 200\nÿcO可用于【衣服】【帽子】\nÿc0鍛造后可使裝備獲得詞綴[中級鑽石皮膚]ÿc0",
    "deDE": "Heilt %d %% Leben und Mana.",
    "esES": "Restaura un %d%% de vida y maná",
    "frFR": "Récupère %d %% de Vie et de Mana",
    "itIT": "Rigenera il %d%% di vita e mana",
    "koKR": "생명력 및 마나 %d%% 회복",
    "plPL": "Przywraca %d%% zdrowia i many",
    "esMX": "Sana %d% de vida y de maná",
    "jaJP": "ライフとマナを回復（%d%%）",
    "ptBR": "Cura %d%% de pontos de vida e mana",
    "ruRU": "Восполняет %d%% здоровья и маны.",
    "zhCN": "ÿcT所有抗性:+8% ~ 15%\n物理伤害:+25 ~ 50\n防御:+80 ~ 200\nÿcO可用于【衣服】【帽子】\nÿc0锻造后可使装备获得词缀[中级鑽石皮肤]ÿc0"
  },
  {
    "id": 25133,
    "Key": "ItemStatsw33",
    "enUS": "Heals %d%% Life and Mana",
    "zhTW": "ÿcT所有抗性:+15% ~ 25%\n物理傷害:+45 ~ 85\n防禦:+30% ~ 50%\nÿcO可用于【衣服】【帽子】\nÿc0鍛造后可使裝備獲得詞綴[高級鑽石皮膚]ÿc0",
    "deDE": "Heilt %d %% Leben und Mana.",
    "esES": "Restaura un %d%% de vida y maná",
    "frFR": "Récupère %d %% de Vie et de Mana",
    "itIT": "Rigenera il %d%% di vita e mana",
    "koKR": "생명력 및 마나 %d%% 회복",
    "plPL": "Przywraca %d%% zdrowia i many",
    "esMX": "Sana %d% de vida y de maná",
    "jaJP": "ライフとマナを回復（%d%%）",
    "ptBR": "Cura %d%% de pontos de vida e mana",
    "ruRU": "Восполняет %d%% здоровья и маны.",
    "zhCN": "ÿcT所有抗性:+15% ~ 25%\n物理伤害:+45 ~ 85\n防御:+30% ~ 50%\nÿcO可用于【衣服】【帽子】\nÿc0锻造后可使装备获得词缀[高级鑽石皮肤]ÿc0"
  },
  {
    "id": 25134,
    "Key": "ItemStatsw34",
    "enUS": "Heals %d%% Life and Mana",
    "zhTW": "ÿcT減少物理傷害:+10 ~ 30\n減少遠程傷害:+10 ~ 30\n防禦:+50 ~ 100\nÿcO可用于【衣服】【鞋子】\nÿc0鍛造后可使裝備獲得詞綴[初級鋼鐵皮膚]ÿc0",
    "deDE": "Heilt %d %% Leben und Mana.",
    "esES": "Restaura un %d%% de vida y maná",
    "frFR": "Récupère %d %% de Vie et de Mana",
    "itIT": "Rigenera il %d%% di vita e mana",
    "koKR": "생명력 및 마나 %d%% 회복",
    "plPL": "Przywraca %d%% zdrowia i many",
    "esMX": "Sana %d% de vida y de maná",
    "jaJP": "ライフとマナを回復（%d%%）",
    "ptBR": "Cura %d%% de pontos de vida e mana",
    "ruRU": "Восполняет %d%% здоровья и маны.",
    "zhCN": "ÿcT减少物理伤害:+10 ~ 30\n减少远程伤害:+10 ~ 30\n防御:+50 ~ 100\nÿcO可用于【衣服】【鞋子】\nÿc0锻造后可使装备获得词缀[初级钢铁皮肤]ÿc0"
  },
  {
    "id": 25135,
    "Key": "ItemStatsw35",
    "enUS": "Heals %d%% Life and Mana",
    "zhTW": "ÿcT減少物理傷害:+25 ~ 50\n減少遠程傷害:+25 ~ 50\n防禦:+80 ~ 100\nÿcO可用于【衣服】【鞋子】\nÿc0鍛造后可使裝備獲得詞綴[中級鋼鐵皮膚]ÿc0",
    "deDE": "Heilt %d %% Leben und Mana.",
    "esES": "Restaura un %d%% de vida y maná",
    "frFR": "Récupère %d %% de Vie et de Mana",
    "itIT": "Rigenera il %d%% di vita e mana",
    "koKR": "생명력 및 마나 %d%% 회복",
    "plPL": "Przywraca %d%% zdrowia i many",
    "esMX": "Sana %d% de vida y de maná",
    "jaJP": "ライフとマナを回復（%d%%）",
    "ptBR": "Cura %d%% de pontos de vida e mana",
    "ruRU": "Восполняет %d%% здоровья и маны.",
    "zhCN": "ÿcT减少物理伤害:+25 ~ 50\n减少远程伤害:+25 ~ 50\n防御:+80 ~ 100\nÿcO可用于【衣服】【鞋子】\nÿc0锻造后可使装备获得词缀[中级钢铁皮肤]ÿc0"
  },
  {
    "id": 25136,
    "Key": "ItemStatsw36",
    "enUS": "Heals %d%% Life and Mana",
    "zhTW": "ÿcT免疫物理傷害:+5% ~ 10%\n減少遠程傷害:+50 ~ 100\n防禦:+40% ~ 75%\nÿcO可用于【衣服】【鞋子】\nÿc0鍛造后可使裝備獲得詞綴[高級鋼鐵皮膚]ÿc0",
    "deDE": "Heilt %d %% Leben und Mana.",
    "esES": "Restaura un %d%% de vida y maná",
    "frFR": "Récupère %d %% de Vie et de Mana",
    "itIT": "Rigenera il %d%% di vita e mana",
    "koKR": "생명력 및 마나 %d%% 회복",
    "plPL": "Przywraca %d%% zdrowia i many",
    "esMX": "Sana %d% de vida y de maná",
    "jaJP": "ライフとマナを回復（%d%%）",
    "ptBR": "Cura %d%% de pontos de vida e mana",
    "ruRU": "Восполняет %d%% здоровья и маны.",
    "zhCN": "ÿcT免疫物理伤害:+5% ~ 10%\n减少远程伤害:+50 ~ 100\n防御:+40% ~ 75%\nÿcO可用于【衣服】【鞋子】\nÿc0锻造后可使装备获得词缀[高级钢铁皮肤]ÿc0"
  },
  {
    "id": 25137,
    "Key": "ItemStatsw37",
    "enUS": "Heals %d%% Life and Mana",
    "zhTW": "ÿcT增加所有抗性上限:+3% ~ 5%\n增加魔法抗性:+5% ~ 10%\n增加所有抗性:+5% ~ 10%\nÿcO可用于【衣服】【盾牌】\nÿc0鍛造后可使裝備獲得詞綴[初級魔法護盾]ÿc0",
    "deDE": "Heilt %d %% Leben und Mana.",
    "esES": "Restaura un %d%% de vida y maná",
    "frFR": "Récupère %d %% de Vie et de Mana",
    "itIT": "Rigenera il %d%% di vita e mana",
    "koKR": "생명력 및 마나 %d%% 회복",
    "plPL": "Przywraca %d%% zdrowia i many",
    "esMX": "Sana %d% de vida y de maná",
    "jaJP": "ライフとマナを回復（%d%%）",
    "ptBR": "Cura %d%% de pontos de vida e mana",
    "ruRU": "Восполняет %d%% здоровья и маны.",
    "zhCN": "ÿcT增加所有抗性上限:+3% ~ 5%\n增加魔法抗性:+5% ~ 10%\n增加所有抗性:+5% ~ 10%\nÿcO可用于【衣服】【盾牌】\nÿc0锻造后可使装备获得词缀[初级魔法护盾]ÿc0"
  },
  {
    "id": 25138,
    "Key": "ItemStatsw38",
    "enUS": "Heals %d%% Life and Mana",
    "zhTW": "ÿcT增加所有抗性上限:+5% ~ 8%\n增加魔法抗性:+10% ~ 20%\n增加所有抗性:+10% ~ 20%\nÿcO可用于【衣服】【盾牌】\nÿc0鍛造后可使裝備獲得詞綴[中級魔法護盾]ÿc0",
    "deDE": "Heilt %d %% Leben und Mana.",
    "esES": "Restaura un %d%% de vida y maná",
    "frFR": "Récupère %d %% de Vie et de Mana",
    "itIT": "Rigenera il %d%% di vita e mana",
    "koKR": "생명력 및 마나 %d%% 회복",
    "plPL": "Przywraca %d%% zdrowia i many",
    "esMX": "Sana %d% de vida y de maná",
    "jaJP": "ライフとマナを回復（%d%%）",
    "ptBR": "Cura %d%% de pontos de vida e mana",
    "ruRU": "Восполняет %d%% здоровья и маны.",
    "zhCN": "ÿcT增加所有抗性上限:+5% ~ 8%\n增加魔法抗性:+10% ~ 20%\n增加所有抗性:+10% ~ 20%\nÿcO可用于【衣服】【盾牌】\nÿc0锻造后可使装备获得词缀[中级魔法护盾]ÿc0"
  },
  {
    "id": 25139,
    "Key": "ItemStatsw39",
    "enUS": "Heals %d%% Life and Mana",
    "zhTW": "ÿcT增加所有抗性上限:+8% ~ 15%\n增加魔法抗性:+15% ~ 25%\n增加所有抗性:+15% ~ 25%\nÿcO可用于【衣服】【盾牌】\nÿc0鍛造后可使裝備獲得詞綴[高級魔法護盾]ÿc0",
    "deDE": "Heilt %d %% Leben und Mana.",
    "esES": "Restaura un %d%% de vida y maná",
    "frFR": "Récupère %d %% de Vie et de Mana",
    "itIT": "Rigenera il %d%% di vita e mana",
    "koKR": "생명력 및 마나 %d%% 회복",
    "plPL": "Przywraca %d%% zdrowia i many",
    "esMX": "Sana %d% de vida y de maná",
    "jaJP": "ライフとマナを回復（%d%%）",
    "ptBR": "Cura %d%% de pontos de vida e mana",
    "ruRU": "Восполняет %d%% здоровья и маны.",
    "zhCN": "ÿcT增加所有抗性上限:+8% ~ 15%\n增加魔法抗性:+15% ~ 25%\n增加所有抗性:+15% ~ 25%\nÿcO可用于【衣服】【盾牌】\nÿc0锻造后可使装备获得词缀[高级魔法护盾]ÿc0"
  },
  {
    "id": 25140,
    "Key": "ItemStatsw40",
    "enUS": "Heals %d%% Life and Mana",
    "zhTW": "ÿcT移動速度:+5% ~ 10%\n快速格擋:+5% ~ 10%\n快速攻擊恢復:+5% ~ 10%\nÿcO可用于【鞋子】【腰帶】\nÿc0鍛造后可使裝備獲得詞綴[初級靈巧]ÿc0",
    "deDE": "Heilt %d %% Leben und Mana.",
    "esES": "Restaura un %d%% de vida y maná",
    "frFR": "Récupère %d %% de Vie et de Mana",
    "itIT": "Rigenera il %d%% di vita e mana",
    "koKR": "생명력 및 마나 %d%% 회복",
    "plPL": "Przywraca %d%% zdrowia i many",
    "esMX": "Sana %d% de vida y de maná",
    "jaJP": "ライフとマナを回復（%d%%）",
    "ptBR": "Cura %d%% de pontos de vida e mana",
    "ruRU": "Восполняет %d%% здоровья и маны.",
    "zhCN": "ÿcT移动速度:+5% ~ 10%\n快速格挡:+5% ~ 10%\n快速攻击恢复:+5% ~ 10%\nÿcO可用于【鞋子】【腰帶】\nÿc0锻造后可使装备获得词缀[初级灵巧]ÿc0"
  },
  {
    "id": 25141,
    "Key": "ItemStatsw41",
    "enUS": "Heals %d%% Life and Mana",
    "zhTW": "ÿcT移動速度:+8% ~ 15%\n快速格擋:+8% ~ 15%\n快速攻擊恢復:+8% ~ 15%\nÿcO可用于【鞋子】【腰帶】\nÿc0鍛造后可使裝備獲得詞綴[中級靈巧]ÿc0",
    "deDE": "Heilt %d %% Leben und Mana.",
    "esES": "Restaura un %d%% de vida y maná",
    "frFR": "Récupère %d %% de Vie et de Mana",
    "itIT": "Rigenera il %d%% di vita e mana",
    "koKR": "생명력 및 마나 %d%% 회복",
    "plPL": "Przywraca %d%% zdrowia i many",
    "esMX": "Sana %d% de vida y de maná",
    "jaJP": "ライフとマナを回復（%d%%）",
    "ptBR": "Cura %d%% de pontos de vida e mana",
    "ruRU": "Восполняет %d%% здоровья и маны.",
    "zhCN": "ÿcT移动速度:+8% ~ 15%\n快速格挡:+8% ~ 15%\n快速攻击恢复:+8% ~ 15%\nÿcO可用于【鞋子】【腰帶】\nÿc0锻造后可使装备获得词缀[中级灵巧]ÿc0"
  },
  {
    "id": 25142,
    "Key": "ItemStatsw42",
    "enUS": "Heals %d%% Life and Mana",
    "zhTW": "ÿcT移動速度:+15% ~ 25%\n快速格擋:+15% ~ 25%\n快速攻擊恢復:+15% ~ 25%\nÿcO可用于【鞋子】【腰帶】\nÿc0鍛造后可使裝備獲得詞綴[高級靈巧]ÿc0",
    "deDE": "Heilt %d %% Leben und Mana.",
    "esES": "Restaura un %d%% de vida y maná",
    "frFR": "Récupère %d %% de Vie et de Mana",
    "itIT": "Rigenera il %d%% di vita e mana",
    "koKR": "생명력 및 마나 %d%% 회복",
    "plPL": "Przywraca %d%% zdrowia i many",
    "esMX": "Sana %d% de vida y de maná",
    "jaJP": "ライフとマナを回復（%d%%）",
    "ptBR": "Cura %d%% de pontos de vida e mana",
    "ruRU": "Восполняет %d%% здоровья и маны.",
    "zhCN": "ÿcT移动速度:+15% ~ 25%\n快速格挡:+15% ~ 25%\n快速攻击恢复:+15% ~ 25%\nÿcO可用于【鞋子】【腰帶】\nÿc0锻造后可使装备获得词缀[高级灵巧]ÿc0"
  },
  {
    "id": 25143,
    "Key": "ItemStatsw43",
    "enUS": "Heals %d%% Life and Mana",
    "zhTW": "ÿcT防禦:+50 ~ 100\n格擋率:+5% ~ 10%\n快速格擋:+5% ~ 10%\nÿcO可用于【盾牌】\nÿc0鍛造后可使裝備獲得詞綴[初級宙斯盾]ÿc0",
    "deDE": "Heilt %d %% Leben und Mana.",
    "esES": "Restaura un %d%% de vida y maná",
    "frFR": "Récupère %d %% de Vie et de Mana",
    "itIT": "Rigenera il %d%% di vita e mana",
    "koKR": "생명력 및 마나 %d%% 회복",
    "plPL": "Przywraca %d%% zdrowia i many",
    "esMX": "Sana %d% de vida y de maná",
    "jaJP": "ライフとマナを回復（%d%%）",
    "ptBR": "Cura %d%% de pontos de vida e mana",
    "ruRU": "Восполняет %d%% здоровья и маны.",
    "zhCN": "ÿcT防御:+50 ~ 100\n格挡率:+5% ~ 10%\n快速格挡:+5% ~ 10%\nÿcO可用于【盾牌】\nÿc0锻造后可使装备获得词缀[初级宙斯盾]ÿc0"
  },
  {
    "id": 25144,
    "Key": "ItemStatsw44",
    "enUS": "Heals %d%% Life and Mana",
    "zhTW": "ÿcT防禦:+80 ~ 200\n格擋率:+8% ~ 15%\n快速格擋:+8% ~ 15%\nÿcO可用于【盾牌】\nÿc0鍛造后可使裝備獲得詞綴[中級宙斯盾]ÿc0",
    "deDE": "Heilt %d %% Leben und Mana.",
    "esES": "Restaura un %d%% de vida y maná",
    "frFR": "Récupère %d %% de Vie et de Mana",
    "itIT": "Rigenera il %d%% di vita e mana",
    "koKR": "생명력 및 마나 %d%% 회복",
    "plPL": "Przywraca %d%% zdrowia i many",
    "esMX": "Sana %d% de vida y de maná",
    "jaJP": "ライフとマナを回復（%d%%）",
    "ptBR": "Cura %d%% de pontos de vida e mana",
    "ruRU": "Восполняет %d%% здоровья и маны.",
    "zhCN": "ÿcT防御:+80 ~ 200\n格挡率:+8% ~ 15%\n快速格挡:+8% ~ 15%\nÿcO可用于【盾牌】\nÿc0锻造后可使装备获得词缀[中级宙斯盾]ÿc0"
  },
  {
    "id": 25145,
    "Key": "ItemStatsw45",
    "enUS": "Heals %d%% Life and Mana",
    "zhTW": "ÿcT防禦:+30% ~ 50%\n格擋率:+15% ~ 25%\n快速格擋:+15% ~ 25%\nÿcO可用于【盾牌】\nÿc0鍛造后可使裝備獲得詞綴[高級宙斯盾]ÿc0",
    "deDE": "Heilt %d %% Leben und Mana.",
    "esES": "Restaura un %d%% de vida y maná",
    "frFR": "Récupère %d %% de Vie et de Mana",
    "itIT": "Rigenera il %d%% di vita e mana",
    "koKR": "생명력 및 마나 %d%% 회복",
    "plPL": "Przywraca %d%% zdrowia i many",
    "esMX": "Sana %d% de vida y de maná",
    "jaJP": "ライフとマナを回復（%d%%）",
    "ptBR": "Cura %d%% de pontos de vida e mana",
    "ruRU": "Восполняет %d%% здоровья и маны.",
    "zhCN": "ÿcT防御:+30% ~ 50%\n格挡率:+15% ~ 25%\n快速格挡:+15% ~ 25%\nÿcO可用于【盾牌】\nÿc0锻造后可使装备获得词缀[高级宙斯盾]ÿc0"
  },
  {
    "id": 25146,
    "Key": "ItemStatsw46",
    "enUS": "Heals %d%% Life and Mana",
    "zhTW": "ÿcT生命回復:+5 ~ 10\n最大法力:+20 ~ 30\n最大生命:+40 ~ 80\nÿcO可用于【腰帶】【帽子】\nÿc0鍛造后可使裝備獲得詞綴[初級大胃王]ÿc0",
    "deDE": "Heilt %d %% Leben und Mana.",
    "esES": "Restaura un %d%% de vida y maná",
    "frFR": "Récupère %d %% de Vie et de Mana",
    "itIT": "Rigenera il %d%% di vita e mana",
    "koKR": "생명력 및 마나 %d%% 회복",
    "plPL": "Przywraca %d%% zdrowia i many",
    "esMX": "Sana %d% de vida y de maná",
    "jaJP": "ライフとマナを回復（%d%%）",
    "ptBR": "Cura %d%% de pontos de vida e mana",
    "ruRU": "Восполняет %d%% здоровья и маны.",
    "zhCN": "ÿcT生命回复:+5 ~ 10\n最大法力:+20 ~ 30\n最大生命:+40 ~ 80\nÿcO可用于【腰帶】【帽子】\nÿc0锻造后可使装备获得词缀[初级大胃王]ÿc0"
  },
  {
    "id": 25147,
    "Key": "ItemStatsw47",
    "enUS": "Heals %d%% Life and Mana",
    "zhTW": "ÿcT生命回復:+10 ~ 20\n最大法力:+40 ~ 60\n最大生命:+70 ~ 120\nÿcO可用于【腰帶】【帽子】\nÿc0鍛造后可使裝備獲得詞綴[中級大胃王]ÿc0",
    "deDE": "Heilt %d %% Leben und Mana.",
    "esES": "Restaura un %d%% de vida y maná",
    "frFR": "Récupère %d %% de Vie et de Mana",
    "itIT": "Rigenera il %d%% di vita e mana",
    "koKR": "생명력 및 마나 %d%% 회복",
    "plPL": "Przywraca %d%% zdrowia i many",
    "esMX": "Sana %d% de vida y de maná",
    "jaJP": "ライフとマナを回復（%d%%）",
    "ptBR": "Cura %d%% de pontos de vida e mana",
    "ruRU": "Восполняет %d%% здоровья и маны.",
    "zhCN": "ÿcT生命回复:+10 ~ 20\n最大法力:+40 ~ 60\n最大生命:+70 ~ 120\nÿcO可用于【腰帶】【帽子】\nÿc0锻造后可使装备获得词缀[中级大胃王]ÿc0"
  },
  {
    "id": 25148,
    "Key": "ItemStatsw48",
    "enUS": "Heals %d%% Life and Mana",
    "zhTW": "ÿcT最大生命:+10% ~ 20%\n最大法力:+60 ~ 80\n最大生命:+120 ~ 200\nÿcO可用于【腰帶】【帽子】\nÿc0鍛造后可使裝備獲得詞綴[高級大胃王]ÿc0",
    "deDE": "Heilt %d %% Leben und Mana.",
    "esES": "Restaura un %d%% de vida y maná",
    "frFR": "Récupère %d %% de Vie et de Mana",
    "itIT": "Rigenera il %d%% di vita e mana",
    "koKR": "생명력 및 마나 %d%% 회복",
    "plPL": "Przywraca %d%% zdrowia i many",
    "esMX": "Sana %d% de vida y de maná",
    "jaJP": "ライフとマナを回復（%d%%）",
    "ptBR": "Cura %d%% de pontos de vida e mana",
    "ruRU": "Восполняет %d%% здоровья и маны.",
    "zhCN": "ÿcT最大生命:+10% ~ 20%\n最大法力:+60 ~ 80\n最大生命:+120 ~ 200\nÿcO可用于【腰帶】【帽子】\nÿc0锻造后可使装备获得词缀[高级大胃王]ÿc0"
  },
  {
    "id": 25149,
    "Key": "ItemStatsw49",
    "enUS": "Heals %d%% Life and Mana",
    "zhTW": "ÿcT最大法力:+5% ~ 10%\n最大生命:+5% ~ 10%\n所有屬性:+5 ~ 10\nÿcO可用于【衣服】【帽子】\nÿc0鍛造后可使裝備獲得詞綴[初級均衡]ÿc0",
    "deDE": "Heilt %d %% Leben und Mana.",
    "esES": "Restaura un %d%% de vida y maná",
    "frFR": "Récupère %d %% de Vie et de Mana",
    "itIT": "Rigenera il %d%% di vita e mana",
    "koKR": "생명력 및 마나 %d%% 회복",
    "plPL": "Przywraca %d%% zdrowia i many",
    "esMX": "Sana %d% de vida y de maná",
    "jaJP": "ライフとマナを回復（%d%%）",
    "ptBR": "Cura %d%% de pontos de vida e mana",
    "ruRU": "Восполняет %d%% здоровья и маны.",
    "zhCN": "ÿcT最大法力:+5% ~ 10%\n最大生命:+5% ~ 10%\n所有属性:+5 ~ 10\nÿcO可用于【衣服】【帽子】\nÿc0锻造后可使装备获得词缀[初级均衡]ÿc0"
  },
  {
    "id": 25150,
    "Key": "ItemStatsw50",
    "enUS": "Heals %d%% Life and Mana",
    "zhTW": "ÿcT最大法力:+8% ~ 15%\n最大生命:+8% ~ 15%\n所有屬性:+10 ~ 20\nÿcO可用于【衣服】【帽子】\nÿc0鍛造后可使裝備獲得詞綴[中級均衡]ÿc0",
    "deDE": "Heilt %d %% Leben und Mana.",
    "esES": "Restaura un %d%% de vida y maná",
    "frFR": "Récupère %d %% de Vie et de Mana",
    "itIT": "Rigenera il %d%% di vita e mana",
    "koKR": "생명력 및 마나 %d%% 회복",
    "plPL": "Przywraca %d%% zdrowia i many",
    "esMX": "Sana %d% de vida y de maná",
    "jaJP": "ライフとマナを回復（%d%%）",
    "ptBR": "Cura %d%% de pontos de vida e mana",
    "ruRU": "Восполняет %d%% здоровья и маны.",
    "zhCN": "ÿcT最大法力:+8% ~ 15%\n最大生命:+8% ~ 15%\n所有属性:+10 ~ 20\nÿcO可用于【衣服】【帽子】\nÿc0锻造后可使装备获得词缀[中级均衡]ÿc0"
  },
  {
    "id": 25151,
    "Key": "ItemStatsw51",
    "enUS": "Heals %d%% Life and Mana",
    "zhTW": "ÿcT最大法力:+15% ~ 25%\n最大生命:+15% ~ 25%\n所有屬性:+20 ~ 35\nÿcO可用于【衣服】【帽子】\nÿc0鍛造后可使裝備獲得詞綴[高級均衡]ÿc0",
    "deDE": "Heilt %d %% Leben und Mana.",
    "esES": "Restaura un %d%% de vida y maná",
    "frFR": "Récupère %d %% de Vie et de Mana",
    "itIT": "Rigenera il %d%% di vita e mana",
    "koKR": "생명력 및 마나 %d%% 회복",
    "plPL": "Przywraca %d%% zdrowia i many",
    "esMX": "Sana %d% de vida y de maná",
    "jaJP": "ライフとマナを回復（%d%%）",
    "ptBR": "Cura %d%% de pontos de vida e mana",
    "ruRU": "Восполняет %d%% здоровья и маны.",
    "zhCN": "ÿcT最大法力:+15% ~ 25%\n最大生命:+15% ~ 25%\n所有属性:+20 ~ 35\nÿcO可用于【衣服】【帽子】\nÿc0锻造后可使装备获得词缀[高级均衡]ÿc0"
  },
  {
    "id": 25152,
    "Key": "ItemStatsw52",
    "enUS": "Heals %d%% Life and Mana",
    "zhTW": "ÿcT吸收火焰傷害:+5 ~ 15\n吸收冰冷傷害:+5 ~ 15\n吸收閃電傷害:+5 ~ 15\nÿcO可用于【衣服】【盾牌】\nÿc0鍛造后可使裝備獲得詞綴[初級包容]ÿc0",
    "deDE": "Heilt %d %% Leben und Mana.",
    "esES": "Restaura un %d%% de vida y maná",
    "frFR": "Récupère %d %% de Vie et de Mana",
    "itIT": "Rigenera il %d%% di vita e mana",
    "koKR": "생명력 및 마나 %d%% 회복",
    "plPL": "Przywraca %d%% zdrowia i many",
    "esMX": "Sana %d% de vida y de maná",
    "jaJP": "ライフとマナを回復（%d%%）",
    "ptBR": "Cura %d%% de pontos de vida e mana",
    "ruRU": "Восполняет %d%% здоровья и маны.",
    "zhCN": "ÿcT吸收火焰伤害:+5 ~ 15\n吸收冰冷伤害:+5 ~ 15\n吸收闪电伤害:+5 ~ 15\nÿcO可用于【衣服】【盾牌】\nÿc0锻造后可使装备获得词缀[初级包容]ÿc0"
  },
  {
    "id": 25153,
    "Key": "ItemStatsw53",
    "enUS": "Heals %d%% Life and Mana",
    "zhTW": "ÿcT吸收火焰傷害:+15 ~ 35\n吸收冰冷傷害:+15 ~ 35\n吸收閃電傷害:+15 ~ 35\nÿcO可用于【衣服】【盾牌】\nÿc0鍛造后可使裝備獲得詞綴[中級包容]ÿc0",
    "deDE": "Heilt %d %% Leben und Mana.",
    "esES": "Restaura un %d%% de vida y maná",
    "frFR": "Récupère %d %% de Vie et de Mana",
    "itIT": "Rigenera il %d%% di vita e mana",
    "koKR": "생명력 및 마나 %d%% 회복",
    "plPL": "Przywraca %d%% zdrowia i many",
    "esMX": "Sana %d% de vida y de maná",
    "jaJP": "ライフとマナを回復（%d%%）",
    "ptBR": "Cura %d%% de pontos de vida e mana",
    "ruRU": "Восполняет %d%% здоровья и маны.",
    "zhCN": "ÿcT吸收火焰伤害:+15 ~ 35\n吸收冰冷伤害:+15 ~ 35\n吸收闪电伤害:+15 ~ 35\nÿcO可用于【衣服】【盾牌】\nÿc0锻造后可使装备获得词缀[中级包容]ÿc0"
  },
  {
    "id": 25154,
    "Key": "ItemStatsw54",
    "enUS": "Heals %d%% Life and Mana",
    "zhTW": "ÿcT吸收火焰傷害:+10% ~ 20%\n吸收冰冷傷害:+10% ~ 20%\n吸收閃電傷害:+10% ~ 20%\nÿcO可用于【衣服】【盾牌】\nÿc0鍛造后可使裝備獲得詞綴[高級包容]ÿc0",
    "deDE": "Heilt %d %% Leben und Mana.",
    "esES": "Restaura un %d%% de vida y maná",
    "frFR": "Récupère %d %% de Vie et de Mana",
    "itIT": "Rigenera il %d%% di vita e mana",
    "koKR": "생명력 및 마나 %d%% 회복",
    "plPL": "Przywraca %d%% zdrowia i many",
    "esMX": "Sana %d% de vida y de maná",
    "jaJP": "ライフとマナを回復（%d%%）",
    "ptBR": "Cura %d%% de pontos de vida e mana",
    "ruRU": "Восполняет %d%% здоровья и маны.",
    "zhCN": "ÿcT吸收火焰伤害:+10% ~ 20%\n吸收冰冷伤害:+10% ~ 20%\n吸收闪电伤害:+10% ~ 20%\nÿcO可用于【衣服】【盾牌】\nÿc0锻造后可使装备获得词缀[高级包容]ÿc0"
  },
  {
    "id": 25161,
    "Key": "ItemStatsw61",
    "enUS": "Heals %d%% Life and Mana",
    "zhTW": "ÿcT獲得額外金幣:+15% ~ 25%\n獲得魔法物品概率:+10% ~ 20%\nÿcO可用于【衣服】【帽子】【手套】【腰帶】【鞋子】【戒指】\nÿc0鍛造后可使裝備獲得詞綴[初級賞金獵人]ÿc0",
    "deDE": "Heilt %d %% Leben und Mana.",
    "esES": "Restaura un %d%% de vida y maná",
    "frFR": "Récupère %d %% de Vie et de Mana",
    "itIT": "Rigenera il %d%% di vita e mana",
    "koKR": "생명력 및 마나 %d%% 회복",
    "plPL": "Przywraca %d%% zdrowia i many",
    "esMX": "Sana %d% de vida y de maná",
    "jaJP": "ライフとマナを回復（%d%%）",
    "ptBR": "Cura %d%% de pontos de vida e mana",
    "ruRU": "Восполняет %d%% здоровья и маны.",
    "zhCN": "ÿcT获得额外金币:+15% ~ 25%\n获得魔法物品概率:+10% ~ 20%\nÿcO可用于【衣服】【帽子】【手套】【腰帶】【鞋子】【戒指】\nÿc0锻造后可使装备获得词缀[初级赏金猎人]ÿc0"
  },
  {
    "id": 25162,
    "Key": "ItemStatsw62",
    "enUS": "Heals %d%% Life and Mana",
    "zhTW": "ÿcT獲得額外金幣:+25% ~ 45%\n獲得魔法物品概率:+15% ~ 35%\nÿcO可用于【衣服】【帽子】【手套】【腰帶】【鞋子】【戒指】\nÿc0鍛造后可使裝備獲得詞綴[中級賞金獵人]ÿc0",
    "deDE": "Heilt %d %% Leben und Mana.",
    "esES": "Restaura un %d%% de vida y maná",
    "frFR": "Récupère %d %% de Vie et de Mana",
    "itIT": "Rigenera il %d%% di vita e mana",
    "koKR": "생명력 및 마나 %d%% 회복",
    "plPL": "Przywraca %d%% zdrowia i many",
    "esMX": "Sana %d% de vida y de maná",
    "jaJP": "ライフとマナを回復（%d%%）",
    "ptBR": "Cura %d%% de pontos de vida e mana",
    "ruRU": "Восполняет %d%% здоровья и маны.",
    "zhCN": "ÿcT获得额外金币:+25% ~ 45%\n获得魔法物品概率:+15% ~ 35%\nÿcO可用于【衣服】【帽子】【手套】【腰帶】【鞋子】【戒指】\nÿc0锻造后可使装备获得词缀[中级赏金猎人]ÿc0"
  },
  {
    "id": 25163,
    "Key": "ItemStatsw63",
    "enUS": "Heals %d%% Life and Mana",
    "zhTW": "ÿcT商人出售價格減少：2% ~ 5%\n獲得額外金幣:+40% ~ 65%\n獲得魔法物品概率:+30% ~ 50%\nÿcO可用于【衣服】【帽子】【手套】【腰帶】【鞋子】【戒指】\nÿc0鍛造后可使裝備獲得詞綴[高級賞金獵人]ÿc0",
    "deDE": "Heilt %d %% Leben und Mana.",
    "esES": "Restaura un %d%% de vida y maná",
    "frFR": "Récupère %d %% de Vie et de Mana",
    "itIT": "Rigenera il %d%% di vita e mana",
    "koKR": "생명력 및 마나 %d%% 회복",
    "plPL": "Przywraca %d%% zdrowia i many",
    "esMX": "Sana %d% de vida y de maná",
    "jaJP": "ライフとマナを回復（%d%%）",
    "ptBR": "Cura %d%% de pontos de vida e mana",
    "ruRU": "Восполняет %d%% здоровья и маны.",
    "zhCN": "ÿcT商人出售价格减少：2% ~ 5%\n获得额外金币:+40% ~ 65%\n获得魔法物品概率:+30% ~ 50%\nÿcO可用于【衣服】【帽子】【手套】【腰帶】【鞋子】【戒指】\nÿc0锻造后可使装备获得词缀[高级赏金猎人]ÿc0"
  },
  {
    "id": 25164,
    "Key": "ItemStatsw64",
    "enUS": "Heals %d%% Life and Mana",
    "zhTW": "ÿcT移動速度:+5% ~ 10%\n施法速度:+5% ~ 10%\n攻擊速度：+5% ~ 10%\nÿcO可用于【手套】【腰帶】【鞋子】\nÿc0鍛造后可使裝備獲得詞綴[初級神速]ÿc0",
    "deDE": "Heilt %d %% Leben und Mana.",
    "esES": "Restaura un %d%% de vida y maná",
    "frFR": "Récupère %d %% de Vie et de Mana",
    "itIT": "Rigenera il %d%% di vita e mana",
    "koKR": "생명력 및 마나 %d%% 회복",
    "plPL": "Przywraca %d%% zdrowia i many",
    "esMX": "Sana %d% de vida y de maná",
    "jaJP": "ライフとマナを回復（%d%%）",
    "ptBR": "Cura %d%% de pontos de vida e mana",
    "ruRU": "Восполняет %d%% здоровья и маны.",
    "zhCN": "ÿcT移动速度:+5% ~ 10%\n施法速度:+5% ~ 10%\n攻击速度：+5% ~ 10%\nÿcO可用于【手套】【腰帶】【鞋子】\nÿc0锻造后可使装备获得词缀[初级神速]ÿc0"
  },
  {
    "id": 25165,
    "Key": "ItemStatsw65",
    "enUS": "Heals %d%% Life and Mana",
    "zhTW": "ÿcT移動速度:+8% ~ 15%\n施法速度:+8% ~ 15%\n攻擊速度：+8% ~ 15%\nÿcO可用于【手套】【腰帶】【鞋子】\nÿc0鍛造后可使裝備獲得詞綴[中級神速]ÿc0",
    "deDE": "Heilt %d %% Leben und Mana.",
    "esES": "Restaura un %d%% de vida y maná",
    "frFR": "Récupère %d %% de Vie et de Mana",
    "itIT": "Rigenera il %d%% di vita e mana",
    "koKR": "생명력 및 마나 %d%% 회복",
    "plPL": "Przywraca %d%% zdrowia i many",
    "esMX": "Sana %d% de vida y de maná",
    "jaJP": "ライフとマナを回復（%d%%）",
    "ptBR": "Cura %d%% de pontos de vida e mana",
    "ruRU": "Восполняет %d%% здоровья и маны.",
    "zhCN": "ÿcT移动速度:+8% ~ 15%\n施法速度:+8% ~ 15%\n攻击速度：+8% ~ 15%\nÿcO可用于【手套】【腰帶】【鞋子】\nÿc0锻造后可使装备获得词缀[中级神速]ÿc0"
  },
  {
    "id": 25166,
    "Key": "ItemStatsw66",
    "enUS": "Heals %d%% Life and Mana",
    "zhTW": "ÿcT移動速度:+15% ~ 30%\n施法速度:+15% ~ 30%\n攻擊速度：+15% ~ 30%\nÿcO可用于【手套】【腰帶】【鞋子】\nÿc0鍛造后可使裝備獲得詞綴[高級神速]ÿc0",
    "deDE": "Heilt %d %% Leben und Mana.",
    "esES": "Restaura un %d%% de vida y maná",
    "frFR": "Récupère %d %% de Vie et de Mana",
    "itIT": "Rigenera il %d%% di vita e mana",
    "koKR": "생명력 및 마나 %d%% 회복",
    "plPL": "Przywraca %d%% zdrowia i many",
    "esMX": "Sana %d% de vida y de maná",
    "jaJP": "ライフとマナを回復（%d%%）",
    "ptBR": "Cura %d%% de pontos de vida e mana",
    "ruRU": "Восполняет %d%% здоровья и маны.",
    "zhCN": "ÿcT移动速度:+15% ~ 30%\n施法速度:+15% ~ 30%\n攻击速度：+15% ~ 30%\nÿcO可用于【手套】【腰帶】【鞋子】\nÿc0锻造后可使装备获得词缀[高级神速]ÿc0"
  },
  {
    "id": 25167,
    "Key": "ItemStatsw67",
    "enUS": "Heals %d%% Life and Mana",
    "zhTW": "ÿcT施法速度:+5% ~ 10%\n閃電技能傷害:+5% ~ 10%\n閃電傷害：+10 ~ 50\nÿcO可用于【武器】【戒指】【項鏈】\nÿc0鍛造后可使裝備獲得詞綴[初級傳導]ÿc0",
    "deDE": "Heilt %d %% Leben und Mana.",
    "esES": "Restaura un %d%% de vida y maná",
    "frFR": "Récupère %d %% de Vie et de Mana",
    "itIT": "Rigenera il %d%% di vita e mana",
    "koKR": "생명력 및 마나 %d%% 회복",
    "plPL": "Przywraca %d%% zdrowia i many",
    "esMX": "Sana %d% de vida y de maná",
    "jaJP": "ライフとマナを回復（%d%%）",
    "ptBR": "Cura %d%% de pontos de vida e mana",
    "ruRU": "Восполняет %d%% здоровья и маны.",
    "zhCN": "ÿcT施法速度:+5% ~ 10%\n闪电技能伤害:+5% ~ 10%\n闪电伤害：+10 ~ 50\nÿcO可用于【武器】【戒指】【项链】\nÿc0锻造后可使装备获得词缀[初级传导]ÿc0"
  },
  {
    "id": 25168,
    "Key": "ItemStatsw68",
    "enUS": "Heals %d%% Life and Mana",
    "zhTW": "ÿcT施法速度:+8% ~ 15%\n閃電技能傷害:+8% ~ 15%\n閃電傷害：+40 ~ 100\nÿcO可用于【武器】【戒指】【項鏈】\nÿc0鍛造后可使裝備獲得詞綴[中級傳導]ÿc0",
    "deDE": "Heilt %d %% Leben und Mana.",
    "esES": "Restaura un %d%% de vida y maná",
    "frFR": "Récupère %d %% de Vie et de Mana",
    "itIT": "Rigenera il %d%% di vita e mana",
    "koKR": "생명력 및 마나 %d%% 회복",
    "plPL": "Przywraca %d%% zdrowia i many",
    "esMX": "Sana %d% de vida y de maná",
    "jaJP": "ライフとマナを回復（%d%%）",
    "ptBR": "Cura %d%% de pontos de vida e mana",
    "ruRU": "Восполняет %d%% здоровья и маны.",
    "zhCN": "ÿcT施法速度:+8% ~ 15%\n闪电技能伤害:+8% ~ 15%\n闪电伤害：+40 ~ 100\nÿcO可用于【武器】【戒指】【项链】\nÿc0锻造后可使装备获得词缀[中级传导]ÿc0"
  },
  {
    "id": 25169,
    "Key": "ItemStatsw69",
    "enUS": "Heals %d%% Life and Mana",
    "zhTW": "ÿcT降低敵人閃電抗性：+10% ~ 20%\n施法速度:+15% ~ 25%\n閃電技能傷害:+15% ~ 25%\nÿcO可用于【武器】【戒指】【項鏈】\nÿc0鍛造后可使裝備獲得詞綴[高級傳導]ÿc0",
    "deDE": "Heilt %d %% Leben und Mana.",
    "esES": "Restaura un %d%% de vida y maná",
    "frFR": "Récupère %d %% de Vie et de Mana",
    "itIT": "Rigenera il %d%% di vita e mana",
    "koKR": "생명력 및 마나 %d%% 회복",
    "plPL": "Przywraca %d%% zdrowia i many",
    "esMX": "Sana %d% de vida y de maná",
    "jaJP": "ライフとマナを回復（%d%%）",
    "ptBR": "Cura %d%% de pontos de vida e mana",
    "ruRU": "Восполняет %d%% здоровья и маны.",
    "zhCN": "ÿcT降低敌人闪电抗性：+10% ~ 20%\n施法速度:+15% ~ 25%\n闪电技能伤害:+15% ~ 25%\nÿcO可用于【武器】【戒指】【项链】\nÿc0锻造后可使装备获得词缀[高级传导]ÿc0"
  },
  {
    "id": 25170,
    "Key": "ItemStatsw70",
    "enUS": "Heals %d%% Life and Mana",
    "zhTW": "ÿcT攻擊速度:+5% ~ 10%\n冰冷傷害:+5 ~ 15\n冰冷技能傷害：+5% ~ 10%\nÿcO可用于【武器】【戒指】【項鏈】\nÿc0鍛造后可使裝備獲得詞綴[初級雪崩]ÿc0",
    "deDE": "Heilt %d %% Leben und Mana.",
    "esES": "Restaura un %d%% de vida y maná",
    "frFR": "Récupère %d %% de Vie et de Mana",
    "itIT": "Rigenera il %d%% di vita e mana",
    "koKR": "생명력 및 마나 %d%% 회복",
    "plPL": "Przywraca %d%% zdrowia i many",
    "esMX": "Sana %d% de vida y de maná",
    "jaJP": "ライフとマナを回復（%d%%）",
    "ptBR": "Cura %d%% de pontos de vida e mana",
    "ruRU": "Восполняет %d%% здоровья и маны.",
    "zhCN": "ÿcT攻击速度:+5% ~ 10%\n冰冷伤害:+5 ~ 15\n冰冷技能伤害：+5% ~ 10%\nÿcO可用于【武器】【戒指】【项链】\nÿc0锻造后可使装备获得词缀[初级雪崩]ÿc0"
  },
  {
    "id": 25171,
    "Key": "ItemStatsw71",
    "enUS": "Heals %d%% Life and Mana",
    "zhTW": "ÿcT攻擊速度:+8% ~ 15%\n冰冷傷害:+15 ~ 45\n冰冷技能傷害：+8% ~ 15%\nÿcO可用于【武器】【戒指】【項鏈】\nÿc0鍛造后可使裝備獲得詞綴[中級雪崩]ÿc0",
    "deDE": "Heilt %d %% Leben und Mana.",
    "esES": "Restaura un %d%% de vida y maná",
    "frFR": "Récupère %d %% de Vie et de Mana",
    "itIT": "Rigenera il %d%% di vita e mana",
    "koKR": "생명력 및 마나 %d%% 회복",
    "plPL": "Przywraca %d%% zdrowia i many",
    "esMX": "Sana %d% de vida y de maná",
    "jaJP": "ライフとマナを回復（%d%%）",
    "ptBR": "Cura %d%% de pontos de vida e mana",
    "ruRU": "Восполняет %d%% здоровья и маны.",
    "zhCN": "ÿcT攻击速度:+8% ~ 15%\n冰冷伤害:+15 ~ 45\n冰冷技能伤害：+8% ~ 15%\nÿcO可用于【武器】【戒指】【项链】\nÿc0锻造后可使装备获得词缀[中级雪崩]ÿc0"
  },
  {
    "id": 25172,
    "Key": "ItemStatsw72",
    "enUS": "Heals %d%% Life and Mana",
    "zhTW": "ÿcT施法速度:+15% ~ 25%\n降低敵人冰冷抗性:+10% ~ 20%\n冰冷技能傷害：+15% ~ 25%\nÿcO可用于【武器】【戒指】【項鏈】\nÿc0鍛造后可使裝備獲得詞綴[高級雪崩]ÿc0",
    "deDE": "Heilt %d %% Leben und Mana.",
    "esES": "Restaura un %d%% de vida y maná",
    "frFR": "Récupère %d %% de Vie et de Mana",
    "itIT": "Rigenera il %d%% di vita e mana",
    "koKR": "생명력 및 마나 %d%% 회복",
    "plPL": "Przywraca %d%% zdrowia i many",
    "esMX": "Sana %d% de vida y de maná",
    "jaJP": "ライフとマナを回復（%d%%）",
    "ptBR": "Cura %d%% de pontos de vida e mana",
    "ruRU": "Восполняет %d%% здоровья и маны.",
    "zhCN": "ÿcT施法速度:+15% ~ 25%\n降低敌人冰冷抗性:+10% ~ 20%\n冰冷技能伤害：+15% ~ 25%\nÿcO可用于【武器】【戒指】【项链】\nÿc0锻造后可使装备获得词缀[高级雪崩]ÿc0"
  },
  {
    "id": 25173,
    "Key": "ItemStatsw73",
    "enUS": "Heals %d%% Life and Mana",
    "zhTW": "ÿcT火焰技能傷害:+5% ~ 10%\n火焰吸收:+5 ~ 15\n火焰抗性：+5% ~ 10%\nÿcO可用于【武器】【戒指】【項鏈】\nÿc0鍛造后可使裝備獲得詞綴[初級地獄火]ÿc0",
    "deDE": "Heilt %d %% Leben und Mana.",
    "esES": "Restaura un %d%% de vida y maná",
    "frFR": "Récupère %d %% de Vie et de Mana",
    "itIT": "Rigenera il %d%% di vita e mana",
    "koKR": "생명력 및 마나 %d%% 회복",
    "plPL": "Przywraca %d%% zdrowia i many",
    "esMX": "Sana %d% de vida y de maná",
    "jaJP": "ライフとマナを回復（%d%%）",
    "ptBR": "Cura %d%% de pontos de vida e mana",
    "ruRU": "Восполняет %d%% здоровья и маны.",
    "zhCN": "ÿcT火焰技能伤害:+5% ~ 10%\n火焰吸收:+5 ~ 15\n火焰抗性：+5% ~ 10%\nÿcO可用于【武器】【戒指】【项链】\nÿc0锻造后可使装备获得词缀[初级地狱火]ÿc0"
  },
  {
    "id": 25174,
    "Key": "ItemStatsw74",
    "enUS": "Heals %d%% Life and Mana",
    "zhTW": "ÿcT火焰技能傷害:+8% ~ 15%\n火焰吸收:+15 ~ 45\n火焰抗性：+8% ~ 15%\nÿcO可用于【武器】【戒指】【項鏈】\nÿc0鍛造后可使裝備獲得詞綴[中級地獄火]ÿc0",
    "deDE": "Heilt %d %% Leben und Mana.",
    "esES": "Restaura un %d%% de vida y maná",
    "frFR": "Récupère %d %% de Vie et de Mana",
    "itIT": "Rigenera il %d%% di vita e mana",
    "koKR": "생명력 및 마나 %d%% 회복",
    "plPL": "Przywraca %d%% zdrowia i many",
    "esMX": "Sana %d% de vida y de maná",
    "jaJP": "ライフとマナを回復（%d%%）",
    "ptBR": "Cura %d%% de pontos de vida e mana",
    "ruRU": "Восполняет %d%% здоровья и маны.",
    "zhCN": "ÿcT火焰技能伤害:+8% ~ 15%\n火焰吸收:+15 ~ 45\n火焰抗性：+8% ~ 15%\nÿcO可用于【武器】【戒指】【项链】\nÿc0锻造后可使装备获得词缀[中级地狱火]ÿc0"
  },
  {
    "id": 25175,
    "Key": "ItemStatsw75",
    "enUS": "Heals %d%% Life and Mana",
    "zhTW": "ÿcT降低敵人火焰抗性：+10% ~ 20%\n火焰技能傷害:+15% ~ 25%\n火焰吸收:+10% ~ 20%\nÿcO可用于【武器】【戒指】【項鏈】\nÿc0鍛造后可使裝備獲得詞綴[高級地獄火]ÿc0",
    "deDE": "Heilt %d %% Leben und Mana.",
    "esES": "Restaura un %d%% de vida y maná",
    "frFR": "Récupère %d %% de Vie et de Mana",
    "itIT": "Rigenera il %d%% di vita e mana",
    "koKR": "생명력 및 마나 %d%% 회복",
    "plPL": "Przywraca %d%% zdrowia i many",
    "esMX": "Sana %d% de vida y de maná",
    "jaJP": "ライフとマナを回復（%d%%）",
    "ptBR": "Cura %d%% de pontos de vida e mana",
    "ruRU": "Восполняет %d%% здоровья и маны.",
    "zhCN": "ÿcT降低敌人火焰抗性：+10% ~ 20%\n火焰技能伤害:+15% ~ 25%\n火焰吸收:+10% ~ 20%\nÿcO可用于【武器】【戒指】【项链】\nÿc0锻造后可使装备获得词缀[高级地狱火]ÿc0"
  },
  {
    "id": 25176,
    "Key": "ItemStatsw76",
    "enUS": "Heals %d%% Life and Mana",
    "zhTW": "ÿcT減少毒素持續時間:+10% ~ 15%\n毒素技能傷害:+10% ~ 15%\n毒素傷害：+20 ~ 55\nÿcO可用于【武器】【戒指】【項鏈】\nÿc0鍛造后可使裝備獲得詞綴[初級糜爛]ÿc0",
    "deDE": "Heilt %d %% Leben und Mana.",
    "esES": "Restaura un %d%% de vida y maná",
    "frFR": "Récupère %d %% de Vie et de Mana",
    "itIT": "Rigenera il %d%% di vita e mana",
    "koKR": "생명력 및 마나 %d%% 회복",
    "plPL": "Przywraca %d%% zdrowia i many",
    "esMX": "Sana %d% de vida y de maná",
    "jaJP": "ライフとマナを回復（%d%%）",
    "ptBR": "Cura %d%% de pontos de vida e mana",
    "ruRU": "Восполняет %d%% здоровья и маны.",
    "zhCN": "ÿcT减少毒素持续时间:+10% ~ 15%\n毒素技能伤害:+10% ~ 15%\n毒素伤害：+20 ~ 55\nÿcO可用于【武器】【戒指】【项链】\nÿc0锻造后可使装备获得词缀[初级糜烂]ÿc0"
  },
  {
    "id": 25177,
    "Key": "ItemStatsw77",
    "enUS": "Heals %d%% Life and Mana",
    "zhTW": "ÿcT減少毒素持續時間:+15% ~ 25%\n毒素技能傷害:+8% ~ 20%\n毒素傷害：+65 ~ 135\nÿcO可用于【武器】【戒指】【項鏈】\nÿc0鍛造后可使裝備獲得詞綴[中級糜爛]ÿc0",
    "deDE": "Heilt %d %% Leben und Mana.",
    "esES": "Restaura un %d%% de vida y maná",
    "frFR": "Récupère %d %% de Vie et de Mana",
    "itIT": "Rigenera il %d%% di vita e mana",
    "koKR": "생명력 및 마나 %d%% 회복",
    "plPL": "Przywraca %d%% zdrowia i many",
    "esMX": "Sana %d% de vida y de maná",
    "jaJP": "ライフとマナを回復（%d%%）",
    "ptBR": "Cura %d%% de pontos de vida e mana",
    "ruRU": "Восполняет %d%% здоровья и маны.",
    "zhCN": "ÿcT减少毒素持续时间:+15% ~ 25%\n毒素技能伤害:+8% ~ 20%\n毒素伤害：+65 ~ 135\nÿcO可用于【武器】【戒指】【项链】\nÿc0锻造后可使装备获得词缀[中级糜烂]ÿc0"
  },
  {
    "id": 25178,
    "Key": "ItemStatsw78",
    "enUS": "Heals %d%% Life and Mana",
    "zhTW": "ÿcT降低敵人毒抗：+10% ~ 20%\n減少毒素持續時間:+25% ~ 45%\n毒素技能傷害:+15% ~ 25%\nÿcO可用于【武器】【戒指】【項鏈】\nÿc0鍛造后可使裝備獲得詞綴[高級糜爛]ÿc0",
    "deDE": "Heilt %d %% Leben und Mana.",
    "esES": "Restaura un %d%% de vida y maná",
    "frFR": "Récupère %d %% de Vie et de Mana",
    "itIT": "Rigenera il %d%% di vita e mana",
    "koKR": "생명력 및 마나 %d%% 회복",
    "plPL": "Przywraca %d%% zdrowia i many",
    "esMX": "Sana %d% de vida y de maná",
    "jaJP": "ライフとマナを回復（%d%%）",
    "ptBR": "Cura %d%% de pontos de vida e mana",
    "ruRU": "Восполняет %d%% здоровья и маны.",
    "zhCN": "ÿcT降低敌人毒抗：+10% ~ 20%\n减少毒素持续时间:+25% ~ 45%\n毒素技能伤害:+15% ~ 25%\nÿcO可用于【武器】【戒指】【项链】\nÿc0锻造后可使装备获得词缀[高级糜烂]ÿc0"
  },
  {
    "id": 25179,
    "Key": "ItemStatsw79",
    "enUS": "Heals %d%% Life and Mana",
    "zhTW": "ÿcT耐力恢復:+20% ~ 50%\n耐力最大值:+25 ~ 50\n+1所有技能等級\nÿcO可用于【武器】【戒指】【項鏈】【护身符】\nÿc0鍛造后可使裝備獲得詞綴[初級大師]ÿc0",
    "deDE": "Heilt %d %% Leben und Mana.",
    "esES": "Restaura un %d%% de vida y maná",
    "frFR": "Récupère %d %% de Vie et de Mana",
    "itIT": "Rigenera il %d%% di vita e mana",
    "koKR": "생명력 및 마나 %d%% 회복",
    "plPL": "Przywraca %d%% zdrowia i many",
    "esMX": "Sana %d% de vida y de maná",
    "jaJP": "ライフとマナを回復（%d%%）",
    "ptBR": "Cura %d%% de pontos de vida e mana",
    "ruRU": "Восполняет %d%% здоровья и маны.",
    "zhCN": "ÿcT耐力恢复:+20% ~ 50%\n耐力最大值:+25 ~ 50\n+1所有技能等级\nÿcO可用于【武器】【戒指】【项链】【护身符】\nÿc0锻造后可使装备获得词缀[初级大师]ÿc0"
  },
  {
    "id": 25180,
    "Key": "ItemStatsw80",
    "enUS": "Heals %d%% Life and Mana",
    "zhTW": "ÿcT隨機職業技能等級:+1\n所有技能等級：+1\nÿcO可用于【武器】【戒指】【項鏈】【护身符】\nÿc0鍛造后可使裝備獲得詞綴[中級大師]ÿc0",
    "deDE": "Heilt %d %% Leben und Mana.",
    "esES": "Restaura un %d%% de vida y maná",
    "frFR": "Récupère %d %% de Vie et de Mana",
    "itIT": "Rigenera il %d%% di vita e mana",
    "koKR": "생명력 및 마나 %d%% 회복",
    "plPL": "Przywraca %d%% zdrowia i many",
    "esMX": "Sana %d% de vida y de maná",
    "jaJP": "ライフとマナを回復（%d%%）",
    "ptBR": "Cura %d%% de pontos de vida e mana",
    "ruRU": "Восполняет %d%% здоровья и маны.",
    "zhCN": "ÿcT随机职业技能等级:+1\n所有技能等级：+1\nÿcO可用于【武器】【戒指】【项链】【护身符】\nÿc0锻造后可使装备获得词缀[中级大师]ÿc0"
  },
  {
    "id": 25181,
    "Key": "ItemStatsw81",
    "enUS": "Heals %d%% Life and Mana",
    "zhTW": "ÿcT隨機職業專精等級:+20\n隨機職業技能等級：+1\n所有技能等級：+1\nÿcO可用于【武器】【戒指】【項鏈】【护身符】\nÿc0鍛造后可使裝備獲得詞綴[高級大師]ÿc0",
    "deDE": "Heilt %d %% Leben und Mana.",
    "esES": "Restaura un %d%% de vida y maná",
    "frFR": "Récupère %d %% de Vie et de Mana",
    "itIT": "Rigenera il %d%% di vita e mana",
    "koKR": "생명력 및 마나 %d%% 회복",
    "plPL": "Przywraca %d%% zdrowia i many",
    "esMX": "Sana %d% de vida y de maná",
    "jaJP": "ライフとマナを回復（%d%%）",
    "ptBR": "Cura %d%% de pontos de vida e mana",
    "ruRU": "Восполняет %d%% здоровья и маны.",
    "zhCN": "ÿcT随机职业专精等级:+20\n随机职业技能等级：+1\n所有技能等级：+1\nÿcO可用于【武器】【戒指】【项链】【护身符】\nÿc0锻造后可使装备获得词缀[高级大师]ÿc0"
  }
]
