﻿[
  {
    "id": 1008,
    "Key": "asheara",
    "enUS": "Asheara",
    "zhTW": "艾席拉",
    "deDE": "Aschara",
    "esES": "Asheara",
    "frFR": "Asheara",
    "itIT": "Asheara",
    "koKR": "아시아라",
    "plPL": "Asheara",
    "esMX": "Asheara",
    "jaJP": "アシェアラ",
    "ptBR": "Ashara",
    "ruRU": "Ашира",
    "zhCN": "艾席拉"
  },
  {
    "id": 1009,
    "Key": "hratli",
    "enUS": "Hratli",
    "zhTW": "赫拉鐵力",
    "deDE": "Hratli",
    "esES": "Hratli",
    "frFR": "Hratli",
    "itIT": "Hratli",
    "koKR": "흐라틀리",
    "plPL": "Hratli",
    "esMX": "Hratli",
    "jaJP": "フラトリ",
    "ptBR": "Ratli",
    "ruRU": "Хратли",
    "zhCN": "赫拉铁力"
  },
  {
    "id": 1010,
    "Key": "alkor",
    "enUS": "Alkor",
    "zhTW": "艾柯",
    "deDE": "Alkor",
    "esES": "Alkor",
    "frFR": "Alkor",
    "itIT": "Alkor",
    "koKR": "알코어",
    "plPL": "Alkor",
    "esMX": "Alkor",
    "jaJP": "アルコル",
    "ptBR": "Alkor",
    "ruRU": "Алькор",
    "zhCN": "艾柯"
  },
  {
    "id": 1011,
    "Key": "ormus",
    "enUS": "Ormus",
    "zhTW": "奧瑪斯",
    "deDE": "Ormus",
    "esES": "Ormus",
    "frFR": "Ormus",
    "itIT": "Ormus",
    "koKR": "오르무스",
    "plPL": "Ormus",
    "esMX": "Ormus",
    "jaJP": "オーマス",
    "ptBR": "Órmus",
    "ruRU": "Ормус",
    "zhCN": "奥玛斯"
  },
  {
    "id": 1012,
    "Key": "nikita",
    "enUS": "Natalya",
    "zhTW": "娜塔亞",
    "deDE": "Natalya",
    "esES": "Natalya",
    "frFR": "Natalya",
    "itIT": "Natalya",
    "koKR": "나탈랴",
    "plPL": "Natalia",
    "esMX": "Natalya",
    "jaJP": "ナターリャ",
    "ptBR": "Natalya",
    "ruRU": "Наталия",
    "zhCN": "娜塔亚"
  },
  {
    "id": 1013,
    "Key": "tyrael",
    "enUS": "Tyrael",
    "zhTW": "泰瑞爾",
    "deDE": "Tyrael",
    "esES": "Tyrael",
    "frFR": "Tyraël",
    "itIT": "Tyrael",
    "koKR": "티리엘",
    "plPL": "Tyrael",
    "esMX": "Tyrael",
    "jaJP": "ティラエル",
    "ptBR": "Tyrael",
    "ruRU": "Тираэль",
    "zhCN": "泰瑞尔"
  },
  {
    "id": 1016,
    "Key": "Jamella",
    "enUS": "Jamella",
    "zhTW": "賈梅拉",
    "deDE": "Jamella",
    "esES": "Jamella",
    "frFR": "Jamella",
    "itIT": "Jamella",
    "koKR": "자멜라",
    "plPL": "Jamella",
    "esMX": "Jamella",
    "jaJP": "ジャメラ",
    "ptBR": "Jamella",
    "ruRU": "Джамелла",
    "zhCN": "贾梅拉"
  },
  {
    "id": 1017,
    "Key": "halbu",
    "enUS": "Halbu",
    "zhTW": "海爾布",
    "deDE": "Halbu",
    "esES": "Halbu",
    "frFR": "Halbu",
    "itIT": "Halbu",
    "koKR": "할부",
    "plPL": "Halbu",
    "esMX": "Halbu",
    "jaJP": "ハルブ",
    "ptBR": "Halbu",
    "ruRU": "Хальбу",
    "zhCN": "海尔布"
  },
  {
    "id": 1018,
    "Key": "Malachai",
    "enUS": "Hadriel",
    "zhTW": "哈德爾",
    "deDE": "Hadriel",
    "esES": "Hadriel",
    "frFR": "Hadriel",
    "itIT": "Hadriel",
    "koKR": "하드리엘",
    "plPL": "Hadriel",
    "esMX": "Hadriel",
    "jaJP": "ハドリエル",
    "ptBR": "Hadriel",
    "ruRU": "Гадриэль",
    "zhCN": "哈德尔"
  },
  {
    "id": 2890,
    "Key": "DeckardCain",
    "enUS": "Deckard Cain",
    "zhTW": "迪卡-凱恩",
    "deDE": "Deckard Cain",
    "esES": "Deckard Caín",
    "frFR": "Deckard Cain",
    "itIT": "Deckard Cain",
    "koKR": "데커드 케인",
    "plPL": "Deckard Cain",
    "esMX": "Deckard Cain",
    "jaJP": "デッカード・ケイン",
    "ptBR": "Deckard Cain",
    "ruRU": "Декард Каин",
    "zhCN": "迪卡-凯恩"
  },
  {
    "id": 2891,
    "Key": "Gheed",
    "enUS": "Gheed",
    "zhTW": "基得",
    "deDE": "Gheed",
    "esES": "Gheed",
    "frFR": "Gheed",
    "itIT": "Gheed",
    "koKR": "기드",
    "plPL": "Gheed",
    "esMX": "Gheed",
    "jaJP": "ギード",
    "ptBR": "Gheed",
    "ruRU": "Гид",
    "zhCN": "基得"
  },
  {
    "id": 2892,
    "Key": "Akara",
    "enUS": "Akara",
    "zhTW": "阿卡拉",
    "deDE": "Akara",
    "esES": "Akara",
    "frFR": "Akara",
    "itIT": "Akara",
    "koKR": "아카라",
    "plPL": "Akara",
    "esMX": "Akara",
    "jaJP": "アカラ",
    "ptBR": "Akara",
    "ruRU": "Акара",
    "zhCN": "阿卡拉"
  },
  {
    "id": 2893,
    "Key": "Kashya",
    "enUS": "Kashya",
    "zhTW": "卡夏",
    "deDE": "Kaschya",
    "esES": "Kashya",
    "frFR": "Kashya",
    "itIT": "Kashya",
    "koKR": "카샤",
    "plPL": "Kashya",
    "esMX": "Kashya",
    "jaJP": "カーシャ",
    "ptBR": "Kashya",
    "ruRU": "Кашья",
    "zhCN": "卡夏"
  },
  {
    "id": 2894,
    "Key": "Charsi",
    "enUS": "Charsi",
    "zhTW": "恰西",
    "deDE": "Charsi",
    "esES": "Charsi",
    "frFR": "Charsi",
    "itIT": "Charsi",
    "koKR": "찰시",
    "plPL": "Charsi",
    "esMX": "Charsi",
    "jaJP": "チャルシ",
    "ptBR": "Charsi",
    "ruRU": "Чарси",
    "zhCN": "恰西"
  },
  {
    "id": 2895,
    "Key": "Wariv",
    "enUS": "Warriv",
    "zhTW": "瓦瑞夫",
    "deDE": "Warriv",
    "esES": "Warriv",
    "frFR": "Warriv",
    "itIT": "Warriv",
    "koKR": "와리브",
    "plPL": "Warriv",
    "esMX": "Warriv",
    "jaJP": "ワリヴ",
    "ptBR": "Warriv",
    "ruRU": "Варрив",
    "zhCN": "瓦瑞夫"
  },
  {
    "id": 2896,
    "Key": "Warriv",
    "enUS": "Warriv",
    "zhTW": "瓦瑞夫",
    "deDE": "Warriv",
    "esES": "Warriv",
    "frFR": "Warriv",
    "itIT": "Warriv",
    "koKR": "와리브",
    "plPL": "Warriv",
    "esMX": "Warriv",
    "jaJP": "ワリヴ",
    "ptBR": "Warriv",
    "ruRU": "Варрив",
    "zhCN": "瓦瑞夫"
  },
  {
    "id": 3022,
    "Key": "Natalya",
    "enUS": "Natalya",
    "zhTW": "娜塔亞",
    "deDE": "Natalya",
    "esES": "Natalya",
    "frFR": "Natalya",
    "itIT": "Natalya",
    "koKR": "나탈랴",
    "plPL": "Natalia",
    "esMX": "Natalya",
    "jaJP": "ナターリャ",
    "ptBR": "Natalya",
    "ruRU": "Наталия",
    "zhCN": "娜塔亚"
  },
  {
    "id": 3023,
    "Key": "Drognan",
    "enUS": "Drognan",
    "zhTW": "卓格南",
    "deDE": "Drognan",
    "esES": "Drognan",
    "frFR": "Drognan",
    "itIT": "Drognan",
    "koKR": "드로그난",
    "plPL": "Drognan",
    "esMX": "Drognan",
    "jaJP": "ドログナン",
    "ptBR": "Drognan",
    "ruRU": "Дрогнан",
    "zhCN": "卓格南"
  },
  {
    "id": 3024,
    "Key": "Atma",
    "enUS": "Atma",
    "zhTW": "亞特瑪",
    "deDE": "Atma",
    "esES": "Atma",
    "frFR": "Atma",
    "itIT": "Atma",
    "koKR": "아트마",
    "plPL": "Atma",
    "esMX": "Atma",
    "jaJP": "アトマ",
    "ptBR": "Atma",
    "ruRU": "Атма",
    "zhCN": "亚特玛"
  },
  {
    "id": 3025,
    "Key": "Fara",
    "enUS": "Fara",
    "zhTW": "法拉",
    "deDE": "Fara",
    "esES": "Fara",
    "frFR": "Fara",
    "itIT": "Fara",
    "koKR": "파라",
    "plPL": "Fara",
    "esMX": "Fara",
    "jaJP": "ファラ",
    "ptBR": "Fara",
    "ruRU": "Фара",
    "zhCN": "法拉"
  },
  {
    "id": 3026,
    "Key": "Lysander",
    "enUS": "Lysander",
    "zhTW": "雷山德",
    "deDE": "Lysander",
    "esES": "Lysander",
    "frFR": "Lysander",
    "itIT": "Lysander",
    "koKR": "라이샌더",
    "plPL": "Lysander",
    "esMX": "Lysander",
    "jaJP": "ライサンダー",
    "ptBR": "Lysander",
    "ruRU": "Лисандер",
    "zhCN": "雷山德"
  },
  {
    "id": 3027,
    "Key": "Jerhyn",
    "enUS": "Jerhyn",
    "zhTW": "杰海因",
    "deDE": "Jerhyn",
    "esES": "Jerhyn",
    "frFR": "Jerhyn",
    "itIT": "Jerhyn",
    "koKR": "제르힌",
    "plPL": "Jerhyn",
    "esMX": "Jerhyn",
    "jaJP": "ジェラン",
    "ptBR": "Jerrin",
    "ruRU": "Джерхин",
    "zhCN": "杰海因"
  },
  {
    "id": 3028,
    "Key": "jerhyn",
    "enUS": "Jerhyn",
    "zhTW": "杰海因",
    "deDE": "Jerhyn",
    "esES": "Jerhyn",
    "frFR": "Jerhyn",
    "itIT": "Jerhyn",
    "koKR": "제르힌",
    "plPL": "Jerhyn",
    "esMX": "Jerhyn",
    "jaJP": "ジェラン",
    "ptBR": "Jerrin",
    "ruRU": "Джерхин",
    "zhCN": "杰海因"
  },
  {
    "id": 3029,
    "Key": "Geglash",
    "enUS": "Geglash",
    "zhTW": "基格列斯",
    "deDE": "Geglasch",
    "esES": "Geglash",
    "frFR": "Geglash",
    "itIT": "Geglash",
    "koKR": "게글라시",
    "plPL": "Geglash",
    "esMX": "Geglash",
    "jaJP": "ゲグラシュ",
    "ptBR": "Geglash",
    "ruRU": "Геглаш",
    "zhCN": "基格列斯"
  },
  {
    "id": 3030,
    "Key": "Elzix",
    "enUS": "Elzix",
    "zhTW": "艾吉斯",
    "deDE": "Elzix",
    "esES": "Elzix",
    "frFR": "Elzix",
    "itIT": "Elzix",
    "koKR": "엘직스",
    "plPL": "Elzix",
    "esMX": "Elzix",
    "jaJP": "エルジックス",
    "ptBR": "Elzix",
    "ruRU": "Эльзикс",
    "zhCN": "艾吉斯"
  },
  {
    "id": 3031,
    "Key": "Greiz",
    "enUS": "Greiz",
    "zhTW": "格雷茲",
    "deDE": "Griez",
    "esES": "Greiz",
    "frFR": "Greiz",
    "itIT": "Greiz",
    "koKR": "그레이즈",
    "plPL": "Greiz",
    "esMX": "Greiz",
    "jaJP": "グレイズ",
    "ptBR": "Greiz",
    "ruRU": "Греиз",
    "zhCN": "格雷兹"
  },
  {
    "id": 3032,
    "Key": "Meshif",
    "enUS": "Meshif",
    "zhTW": "馬席夫",
    "deDE": "Meschif",
    "esES": "Meshif",
    "frFR": "Meshif",
    "itIT": "Meshif",
    "koKR": "메시프",
    "plPL": "Meshif",
    "esMX": "Meshif",
    "jaJP": "メシーフ",
    "ptBR": "Meshif",
    "ruRU": "Месхиф",
    "zhCN": "马席夫"
  },
  {
    "id": 3112,
    "Key": "navi",
    "enUS": "Flavie",
    "zhTW": "弗拉維",
    "deDE": "Flavie",
    "esES": "Flavia",
    "frFR": "Flavie",
    "itIT": "Flavie",
    "koKR": "플레이비",
    "plPL": "Flawia",
    "esMX": "Flavie",
    "jaJP": "フラヴィ",
    "ptBR": "Flavi",
    "ruRU": "Флави",
    "zhCN": "弗拉维"
  },
  {
    "id": 3113,
    "Key": "Kaelan",
    "enUS": "Kaelan",
    "zhTW": "凱倫",
    "deDE": "Kaelan",
    "esES": "Kaelan",
    "frFR": "Kaelan",
    "itIT": "Kaelan",
    "koKR": "캘란",
    "plPL": "Kaelan",
    "esMX": "Kaelan",
    "jaJP": "カイラン",
    "ptBR": "Kaelan",
    "ruRU": "Кейлан",
    "zhCN": "凯伦"
  },
  {
    "id": 3114,
    "Key": "meshif",
    "enUS": "Meshif",
    "zhTW": "馬席夫",
    "deDE": "Meschif",
    "esES": "Meshif",
    "frFR": "Meshif",
    "itIT": "Meshif",
    "koKR": "메시프",
    "plPL": "Meshif",
    "esMX": "Meshif",
    "jaJP": "メシーフ",
    "ptBR": "Meshif",
    "ruRU": "Месхиф",
    "zhCN": "马席夫"
  },
  {
    "id": 22476,
    "Key": "Larzuk",
    "enUS": "Larzuk",
    "zhTW": "拉蘇克",
    "deDE": "Larzuk",
    "esES": "Larzuk",
    "frFR": "Larzuk",
    "itIT": "Larzuk",
    "koKR": "라르주크",
    "plPL": "Larzuk",
    "esMX": "Larzuk",
    "jaJP": "ラルザック",
    "ptBR": "Larzuk",
    "ruRU": "Ларзук",
    "zhCN": "拉苏克"
  },
  {
    "id": 22477,
    "Key": "Drehya",
    "enUS": "Anya",
    "zhTW": "安亞",
    "deDE": "Anya",
    "esES": "Anya",
    "frFR": "Anya",
    "itIT": "Anya",
    "koKR": "안야",
    "plPL": "Anya",
    "esMX": "Anya",
    "jaJP": "アニャ",
    "ptBR": "Anya",
    "ruRU": "Аня",
    "zhCN": "安亚"
  },
  {
    "id": 22478,
    "Key": "Malah",
    "enUS": "Malah",
    "zhTW": "馬拉",
    "deDE": "Malah",
    "esES": "Malah",
    "frFR": "Malah",
    "itIT": "Malah",
    "koKR": "말라",
    "plPL": "Malah",
    "esMX": "Malah",
    "jaJP": "マラー",
    "ptBR": "Malah",
    "ruRU": "Малла",
    "zhCN": "马拉"
  },
  {
    "id": 22479,
    "Key": "Nihlathak Town",
    "enUS": "Nihlathak",
    "zhTW": "尼拉塞克",
    "deDE": "Nihlathak",
    "esES": "Nihlathak",
    "frFR": "Nihlathak",
    "itIT": "Nihlathak",
    "koKR": "니흘라탁",
    "plPL": "Nihlathak",
    "esMX": "Nihlathak",
    "jaJP": "ニーラサック",
    "ptBR": "Nilatak",
    "ruRU": "Нильятак",
    "zhCN": "尼拉塞克"
  },
  {
    "id": 22480,
    "Key": "Qual-Kehk",
    "enUS": "Qual-Kehk",
    "zhTW": "夸爾凱克",
    "deDE": "Qua-Kehk",
    "esES": "Qual-Kehk",
    "frFR": "Qual-Kehk",
    "itIT": "Qual-Kehk",
    "koKR": "콸케크",
    "plPL": "Qual-Kehk",
    "esMX": "Qual-Kehk",
    "jaJP": "クァル=ケック",
    "ptBR": "Qual-kehk",
    "ruRU": "Куаль-Кек",
    "zhCN": "夸尔凯克"
  },
  {
    "id": 22481,
    "Key": "Act 5 Townguard",
    "enUS": "Guard",
    "zhTW": "守衛",
    "deDE": "Wächter",
    "esES": "Guardia",
    "frFR": "Garde",
    "itIT": "Guardia",
    "koKR": "경비병",
    "plPL": "Strażnik",
    "esMX": "Guardia",
    "jaJP": "衛兵",
    "ptBR": "Guarda",
    "ruRU": "Стражник",
    "zhCN": "守卫"
  },
  {
    "id": 22482,
    "Key": "Act 5 Combatant",
    "enUS": "Combatant",
    "zhTW": "戰鬥士",
    "deDE": "Kämpfer",
    "esES": "Combatiente",
    "frFR": "Combattant",
    "itIT": "Combattente",
    "koKR": "전투원",
    "plPL": "Bojownik",
    "esMX": "Combatiente",
    "jaJP": "兵士",
    "ptBR": "Combatente",
    "ruRU": "Боец",
    "zhCN": "战斗士"
  },
  {
    "id": 22483,
    "Key": "Nihlathak",
    "enUS": "Nihlathak",
    "zhTW": "尼拉塞克",
    "deDE": "Nihlathak",
    "esES": "Nihlathak",
    "frFR": "Nihlathak",
    "itIT": "Nihlathak",
    "koKR": "니흘라탁",
    "plPL": "Nihlathak",
    "esMX": "Nihlathak",
    "jaJP": "ニーラサック",
    "ptBR": "Nilatak",
    "ruRU": "Нильятак",
    "zhCN": "尼拉塞克"
  }
]
