﻿[
  {
    "id": 2225,
    "Key": "shrine",
    "enUS": "shrine",
    "zhTW": "神殿",
    "deDE": "Schrein",
    "esES": "Santuario",
    "frFR": "Sanctuaire",
    "itIT": "Santuario",
    "koKR": "신단",
    "plPL": "kapliczka",
    "esMX": "sagrario",
    "jaJP": "祭壇",
    "ptBR": "altar",
    "ruRU": "святилище",
    "zhCN": "神殿"
  },
  {
    "id": 3255,
    "Key": "Shrine",
    "enUS": "Shrine",
    "zhTW": "神殿",
    "deDE": "[ms]Schrein",
    "esES": "Santuario",
    "frFR": "Sanctuaire",
    "itIT": "[ms]Santuario",
    "koKR": "신단",
    "plPL": "Kapliczka",
    "esMX": "Sagrario",
    "jaJP": "祭壇",
    "ptBR": "Altar",
    "ruRU": "Святилище",
    "zhCN": "神殿"
  },
  {
    "id": 3683,
    "Key": "ShrMsg0",
    "enUS": "You feel nothing.",
    "zhTW": "你沒有任何感覺。",
    "deDE": "Ihr fühlt nichts.",
    "esES": "No sientes nada.",
    "frFR": "Vous ne sentez rien.",
    "itIT": "Non senti più niente.",
    "koKR": "아무것도 느껴지지 않습니다.",
    "plPL": "Nic nie czujesz.",
    "esMX": "No sientes nada.",
    "jaJP": "何も感じられなかった。",
    "ptBR": "Nada aconteceu.",
    "ruRU": "Вы ничего не чувствуете.",
    "zhCN": "你没有任何感觉。"
  },
  {
    "id": 3684,
    "Key": "ShrMsg1",
    "enUS": "You feel refreshed.",
    "zhTW": "你覺得重生一般。",
    "deDE": "Ihr fühlt Euch erfrischt.",
    "esES": "Te recorre una sensación de vigor.",
    "frFR": "Vous vous sentez reposé.",
    "itIT": "Ti senti più in forze.",
    "koKR": "원기가 회복되었습니다.",
    "plPL": "Czujesz przypływ sił.",
    "esMX": "Sientes tu cuerpo renovado.",
    "jaJP": "活力が湧いてきた。",
    "ptBR": "Suas energias estão renovadas.",
    "ruRU": "Вы чувствуете прилив бодрости.",
    "zhCN": "你觉得重生一般。"
  },
  {
    "id": 3685,
    "Key": "ShrMsg2",
    "enUS": "You feel healthy.",
    "zhTW": "你覺得活力無限。",
    "deDE": "Ihr fühlt Euch gesund.",
    "esES": "Te recorre una sensación de bienestar.",
    "frFR": "Vous vous sentez en bonne santé.",
    "itIT": "Ti senti più in salute.",
    "koKR": "건강해졌습니다.",
    "plPL": "Czujesz się lepiej.",
    "esMX": "Has sanado.",
    "jaJP": "元気が湧いてきた。",
    "ptBR": "Sua saúde está renovada.",
    "ruRU": "Вас наполняет здоровье.",
    "zhCN": "你觉得活力无限。"
  },
  {
    "id": 3686,
    "Key": "ShrMsg3",
    "enUS": "You feel recharged.",
    "zhTW": "你覺得充滿能量。",
    "deDE": "Ihr fühlt Euch erholt.",
    "esES": "Te recorre una sensación de recuperación.",
    "frFR": "Vous vous sentez rechargé.",
    "itIT": "Ti senti pervadere dall'energia.",
    "koKR": "기운이 넘칩니다.",
    "plPL": "Czujesz, że odzyskujesz moc.",
    "esMX": "Te sientes con más energía.",
    "jaJP": "マナが注ぎ込まれた。",
    "ptBR": "Seu espírito está renovado.",
    "ruRU": "Ваши силы восстановлены.",
    "zhCN": "你觉得充满能量。"
  },
  {
    "id": 3687,
    "Key": "ShrMsg4",
    "enUS": "You feel incredibly healthy.",
    "zhTW": "你覺得生命不可思議的加強。",
    "deDE": "Ihr fühlt Euch unglaublich gesund.",
    "esES": "Te recorre una sensación increíble de bienestar.",
    "frFR": "Vous vous sentez incroyablement bien.",
    "itIT": "Ti senti pervadere dalla vitalità.",
    "koKR": "놀랍도록 건강해졌습니다.",
    "plPL": "Czujesz się wyjątkowo dobrze.",
    "esMX": "Te sientes con más vitalidad.",
    "jaJP": "元気がみなぎってきた。",
    "ptBR": "Sua saúde está muito melhor.",
    "ruRU": "Вас до краев наполняет здоровье.",
    "zhCN": "你觉得生命不可思议的加强。"
  },
  {
    "id": 3688,
    "Key": "ShrMsg5",
    "enUS": "You feel infused with energy.",
    "zhTW": "你覺得體內灌入不可思議的能量。",
    "deDE": "Ihr fühlt Euch von Energie durchströmt.",
    "esES": "Te recorre una sensación de energía.",
    "frFR": "Vous vous sentez plein d’énergie.",
    "itIT": "Senti l'energia scorrere in te.",
    "koKR": "마력이 충만합니다.",
    "plPL": "Czujesz przypływ energii.",
    "esMX": "Rebosas de energía.",
    "jaJP": "マナがみなぎってきた。",
    "ptBR": "Seu espírito está muito melhor.",
    "ruRU": "Вы чувствуете приток энергии.",
    "zhCN": "你觉得体内灌入不可思议的能量。"
  },
  {
    "id": 3689,
    "Key": "ShrMsg6",
    "enUS": "Your skin hardens.",
    "zhTW": "你的皮膚變硬了。",
    "deDE": "Eure Haut wird härter.",
    "esES": "Se te endurece la piel.",
    "frFR": "Votre peau se durcit.",
    "itIT": "La tua pelle si indurisce.",
    "koKR": "피부가 단단해집니다.",
    "plPL": "Twoja skóra twardnieje.",
    "esMX": "Tu piel se endurece.",
    "jaJP": "皮膚が頑丈になった。",
    "ptBR": "Sua pele está mais resistente.",
    "ruRU": "Ваша кожа становится крепче.",
    "zhCN": "你的皮肤变硬了。"
  },
  {
    "id": 3690,
    "Key": "ShrMsg7",
    "enUS": "You feel ready for battle.",
    "zhTW": "你覺得隨時可以戰鬥。",
    "deDE": "Ihr fühlt Euch kampfbereit.",
    "esES": "Te sientes con fuerza para el combate.",
    "frFR": "Vous vous sentez prêt au combat.",
    "itIT": "Ti senti in grado di affrontare ogni battaglia.",
    "koKR": "전투 준비를 마쳤습니다.",
    "plPL": "Jesteś w pełnej gotowości do walki.",
    "esMX": "Tu cuerpo está listo para la batalla.",
    "jaJP": "戦いへの覚悟が深まった。",
    "ptBR": "Sua disposição para a batalha está maior.",
    "ruRU": "Вы чувствуете готовность к бою.",
    "zhCN": "你觉得随时可以战斗。"
  },
  {
    "id": 3691,
    "Key": "ShrMsg8",
    "enUS": "You no longer fear fire.",
    "zhTW": "你不再畏懼火焰了。",
    "deDE": "Ihr fürchtet kein Feuer mehr.",
    "esES": "Ya no tienes miedo al fuego.",
    "frFR": "Le feu ne vous fait plus rien.",
    "itIT": "Non temi più il fuoco.",
    "koKR": "이제 화염이 두렵지 않습니다.",
    "plPL": "Nie obawiasz się już ognia.",
    "esMX": "Ya no le temes al fuego.",
    "jaJP": "火への恐れがなくなった。",
    "ptBR": "Você deixou de temer o fogo.",
    "ruRU": "Вы больше не боитесь огня.",
    "zhCN": "你不再畏惧火焰了。"
  },
  {
    "id": 3692,
    "Key": "ShrMsg9",
    "enUS": "You no longer fear cold.",
    "zhTW": "你不再畏懼冰凍了。",
    "deDE": "Ihr fürchtet keine Kälte mehr.",
    "esES": "Ya no tienes miedo al frío.",
    "frFR": "Le froid ne vous fait plus rien.",
    "itIT": "Non temi più il freddo.",
    "koKR": "이제 냉기가 두렵지 않습니다.",
    "plPL": "Nie obawiasz się już zimna.",
    "esMX": "Ya no le temes al frío.",
    "jaJP": "冷気への恐れがなくなった。",
    "ptBR": "Você deixou de temer o gelo.",
    "ruRU": "Вы больше не боитесь льда.",
    "zhCN": "你不再畏惧冰冻了。"
  },
  {
    "id": 3693,
    "Key": "ShrMsg10",
    "enUS": "You no longer fear lightning.",
    "zhTW": "你不再畏懼閃電了。",
    "deDE": "Ihr fürchtet keinen Blitz mehr.",
    "esES": "Ya no tienes miedo a los rayos.",
    "frFR": "La foudre ne vous fait plus rien.",
    "itIT": "Non temi più i fulmini.",
    "koKR": "이제 번개가 두렵지 않습니다.",
    "plPL": "Nie obawiasz się już błyskawic.",
    "esMX": "Ya no le temes al rayo.",
    "jaJP": "電撃への恐れがなくなった。",
    "ptBR": "Você deixou de temer a eletricidade.",
    "ruRU": "Вы больше не боитесь молнии.",
    "zhCN": "你不再畏惧闪电了。"
  },
  {
    "id": 3694,
    "Key": "ShrMsg11",
    "enUS": "You no longer fear poison.",
    "zhTW": "你不再畏懼毒素了。",
    "deDE": "Ihr fürchtet kein Gift mehr.",
    "esES": "Ya no tienes miedo al veneno.",
    "frFR": "Le poison ne vous fait plus rien.",
    "itIT": "Non temi più il veleno.",
    "koKR": "이제 독이 두렵지 않습니다.",
    "plPL": "Nie obawiasz się już trucizn.",
    "esMX": "Ya no le temes al veneno.",
    "jaJP": "毒への恐れがなくなった。",
    "ptBR": "Você deixou de temer o veneno.",
    "ruRU": "Вы больше не боитесь яда.",
    "zhCN": "你不再畏惧毒素了。"
  },
  {
    "id": 3695,
    "Key": "ShrMsg12",
    "enUS": "You feel more skillful.",
    "zhTW": "你覺得技能變強了。",
    "deDE": "Ihr fühlt Euch geschickter.",
    "esES": "Te sientes más hábil.",
    "frFR": "Vous vous sentez plus adroit.",
    "itIT": "Ti senti più abile.",
    "koKR": "기술이 향상된 것 같습니다.",
    "plPL": "Rosną twe umiejętności.",
    "esMX": "Te sientes más hábil.",
    "jaJP": "技が研ぎ澄まされた。",
    "ptBR": "Suas habilidades estão reforçadas.",
    "ruRU": "Ваши умения улучшились.",
    "zhCN": "你觉得技能变强了。"
  },
  {
    "id": 3696,
    "Key": "ShrMsg13",
    "enUS": "Your spiritual force recovers quickly.",
    "zhTW": "你的精神力量快速的回復。",
    "deDE": "Eure geistigen Kräfte erholen sich schnell.",
    "esES": "Recuperas rápidamente la fuerza espiritual.",
    "frFR": "Votre force spirituelle revient rapidement.",
    "itIT": "La tua forza spirituale si riprende rapidamente.",
    "koKR": "정신력이 더 빠르게 회복됩니다.",
    "plPL": "Twoje energia duchowa szybko się odnawia.",
    "esMX": "Tu fuerza espiritual se recupera rápidamente.",
    "jaJP": "マナの回復が速くなった。",
    "ptBR": "Sua força espiritual recupera-se mais rapidamente.",
    "ruRU": "Ваша духовная сила быстро восстанавливается.",
    "zhCN": "你的精神力量快速的回复。"
  },
  {
    "id": 3697,
    "Key": "ShrMsg14",
    "enUS": "The weight of the world seems lighter.",
    "zhTW": "世界的重量似乎變輕了。",
    "deDE": "Das Gewicht der Welt scheint leichter zu sein.",
    "esES": "Sientes que te has quitado un peso de encima.",
    "frFR": "Votre fardeau semble plus léger.",
    "itIT": "Il tuo fardello sembra alleggerirsi.",
    "koKR": "세상의 무게가 가벼워진 것 같습니다.",
    "plPL": "Świat wydaje się lżejszy.",
    "esMX": "El peso del mundo parece desvanecerse.",
    "jaJP": "体が軽く感じられるようになった。",
    "ptBR": "O mundo parece estar mais leve.",
    "ruRU": "Вам стало легче выдерживать тяжесть мира.",
    "zhCN": "世界的重量似乎减轻了。"
  },
  {
    "id": 3698,
    "Key": "ShrMsg15",
    "enUS": "Your experience teaches you well.",
    "zhTW": "你的經驗讓你更上層樓。",
    "deDE": "Eure Erfahrung macht sich bezahlt.",
    "esES": "Aprendes mucho de tu experiencia.",
    "frFR": "Vos expériences vous ont bien servi.",
    "itIT": "La tua esperienza ti insegna molte cose.",
    "koKR": "경험으로부터 많은 가르침을 얻습니다.",
    "plPL": "Twoje doświadczenie dobrze ci służy.",
    "esMX": "La experiencia es el mejor maestro.",
    "jaJP": "経験から学びやすくなった。",
    "ptBR": "Sua experiência gera mais frutos.",
    "ruRU": "Вы извлекаете урок из приобретенного опыта.",
    "zhCN": "你的经验让你更上层楼。"
  },
  {
    "id": 3699,
    "Key": "ShrMsg16",
    "enUS": "Your sense of identity is subtly changed.",
    "zhTW": "你辨認的感官變得更敏銳了。",
    "deDE": "Euer Selbstverständnis hat sich leicht verändert.",
    "esES": "Ha cambiado ligeramente tu sentido de identidad.",
    "frFR": "Votre pouvoir d’identification a changé.",
    "itIT": "Il tuo senso d'identità cambia leggermente.",
    "koKR": "자신의 정체성이 미묘하게 달라집니다.",
    "plPL": "Twoje poczucie tożsamości trochę się zmieniło.",
    "esMX": "Tu sentido de la identidad ha cambiado sutilmente.",
    "jaJP": "自分が少し違って感じられる。",
    "ptBR": "Sua identidade mudou sutilmente.",
    "ruRU": "Вы чувствуете себя не вполне собой.",
    "zhCN": "你辨认的感官变得更敏锐了。"
  },
  {
    "id": 3700,
    "Key": "ShrMsg17",
    "enUS": "The freedom to go home...",
    "zhTW": "回家的自由…",
    "deDE": "Ahhh, der Weg nach Hause...",
    "esES": "La libertad de volver a casa...",
    "frFR": "La possibilité de rentrer chez vous…",
    "itIT": "La libertà di andare a casa...",
    "koKR": "집으로 돌아갈 자유를 얻습니다...",
    "plPL": "Możesz udać się do domu...",
    "esMX": "La libertad de volver a casa...",
    "jaJP": "これで拠点に戻れる…",
    "ptBR": "A liberdade de voltar para casa...",
    "ruRU": "Свобода вернуться домой...",
    "zhCN": "回家的自由……"
  },
  {
    "id": 3701,
    "Key": "ShrMsg18",
    "enUS": "A marvelous gem...",
    "zhTW": "一個神奇的寶石...",
    "deDE": "Ein wunderbarer Edelstein...",
    "esES": "Una gema maravillosa...",
    "frFR": "Une très belle pierre précieuse…",
    "itIT": "Una gemma meravigliosa...",
    "koKR": "경이로운 보석...",
    "plPL": "Wspaniały klejnot...",
    "esMX": "Una gema maravillosa...",
    "jaJP": "宝石がきらめいた…",
    "ptBR": "Uma gema magnífica...",
    "ruRU": "Необыкновенный самоцвет...",
    "zhCN": "一个神奇的宝石..."
  },
  {
    "id": 3702,
    "Key": "ShrMsg19",
    "enUS": "A fiery death...",
    "zhTW": "一個慘烈的死亡...",
    "deDE": "Ein feuriger Tod...",
    "esES": "Una muerte abrasadora...",
    "frFR": "Une mort atroce…",
    "itIT": "Una morte infuocata...",
    "koKR": "불타는 죽음...",
    "plPL": "Ognista śmierć...",
    "esMX": "Una muerte ardiente...",
    "jaJP": "死の炎を浴びろ…",
    "ptBR": "Uma morte incandescente...",
    "ruRU": "Огненная смерть...",
    "zhCN": "一个惨烈的死亡..."
  },
  {
    "id": 3703,
    "Key": "ShrMsg20",
    "enUS": "Death's advocate approaches.",
    "zhTW": "死亡的代言人靠近了。",
    "deDE": "Des Teufels Advokat kommt näher...",
    "esES": "Se acerca un emisario de la muerte.",
    "frFR": "L’avocat du Diable approche.",
    "itIT": "L'araldo della morte si avvicina.",
    "koKR": "죽음의 화신이 다가옵니다.",
    "plPL": "Nadchodzi adwokat śmierci.",
    "esMX": "El enviado de la muerte se acerca.",
    "jaJP": "死の使いが近づいてくる…",
    "ptBR": "Um defensor da morte se aproxima.",
    "ruRU": "Приближается посланник смерти.",
    "zhCN": "死亡的代言人靠近了。"
  },
  {
    "id": 3704,
    "Key": "ShrMsg21",
    "enUS": "A circle of flame...",
    "zhTW": "火焰之環…",
    "deDE": "Ein Kreis des Feuers...",
    "esES": "Un círculo de llamas...",
    "frFR": "Un cercle de feu…",
    "itIT": "Un cerchio di fiamme...",
    "koKR": "불꽃의 원...",
    "plPL": "Krąg płomieni...",
    "esMX": "Un círculo de llamas...",
    "jaJP": "炎の円環がもたらされた…",
    "ptBR": "Um círculo de chamas...",
    "ruRU": "Круг огня...",
    "zhCN": "火焰之环..."
  },
  {
    "id": 3705,
    "Key": "ShrMsg22",
    "enUS": "A circle of death...",
    "zhTW": "死亡之環…",
    "deDE": "Ein Kreis des Todes...",
    "esES": "Un círculo de muerte...",
    "frFR": "Un cercle de mort…",
    "itIT": "Un cerchio di morte...",
    "koKR": "죽음의 원...",
    "plPL": "Krąg śmierci...",
    "esMX": "Un círculo de muerte...",
    "jaJP": "死の円環がもたらされた…",
    "ptBR": "Um círculo mortífero...",
    "ruRU": "Круг смерти...",
    "zhCN": "死亡之环..."
  },
  {
    "id": 10809,
    "Key": "ShrId0",
    "enUS": "Null Shrine",
    "zhTW": "空的神殿",
    "deDE": "Schrein des Nichts",
    "esES": "Santuario nulo",
    "frFR": "Sanctuaire vide",
    "itIT": "Santuario nullo",
    "koKR": "무효화의 신단",
    "plPL": "Pusta kapliczka",
    "esMX": "Sagrario nulo",
    "jaJP": "無の祭壇",
    "ptBR": "Altar Nulificante",
    "ruRU": "Нуль-святилище",
    "zhCN": "空的神殿"
  },
  {
    "id": 10810,
    "Key": "ShrId1",
    "enUS": "Refilling Shrine",
    "zhTW": "回復神殿",
    "deDE": "Füllender Schrein",
    "esES": "Santuario de recarga",
    "frFR": "Sanctuaire de recharge",
    "itIT": "Santuario della ricarica",
    "koKR": "보충의 신단",
    "plPL": "Kapliczka napełnienia",
    "esMX": "Sagrario de regeneración",
    "jaJP": "回復の祭壇",
    "ptBR": "Altar Restaurador",
    "ruRU": "Святилище восстановления",
    "zhCN": "回复神殿"
  },
  {
    "id": 10811,
    "Key": "ShrId2",
    "enUS": "Health Shrine",
    "zhTW": "生命神殿",
    "deDE": "Gesundheitsschrein",
    "esES": "Santuario de salud",
    "frFR": "Sanctuaire de santé",
    "itIT": "Santuario della salute",
    "koKR": "생명의 신단",
    "plPL": "Kapliczka zdrowia",
    "esMX": "Sagrario de vida",
    "jaJP": "命の祭壇",
    "ptBR": "Altar de Vida",
    "ruRU": "Святилище здоровья",
    "zhCN": "生命神殿"
  },
  {
    "id": 10812,
    "Key": "ShrId3",
    "enUS": "Mana Shrine",
    "zhTW": "法力神殿",
    "deDE": "Manaschrein",
    "esES": "Santuario de maná",
    "frFR": "Sanctuaire de mana",
    "itIT": "Santuario del mana",
    "koKR": "마나의 신단",
    "plPL": "Kapliczka many",
    "esMX": "Sagrario de maná",
    "jaJP": "マナの祭壇",
    "ptBR": "Altar de Mana",
    "ruRU": "Святилище маны",
    "zhCN": "法力神殿"
  },
  {
    "id": 10813,
    "Key": "ShrId4",
    "enUS": "Health Exchange Shrine",
    "zhTW": "生命交換神殿",
    "deDE": "Schrein des Gesundheitstausches",
    "esES": "Santuario de intercambio de salud",
    "frFR": "Sanctuaire d’échange de santé",
    "itIT": "Santuario dello scambio di salute",
    "koKR": "생명 교환의 신단",
    "plPL": "Kapliczka zamiany zdrowia",
    "esMX": "Sagrario de intercambio de vida",
    "jaJP": "命の交換の祭壇",
    "ptBR": "Altar de Troca de Vida",
    "ruRU": "Святилище обмена здоровьем",
    "zhCN": "生命交换神殿"
  },
  {
    "id": 10814,
    "Key": "ShrId5",
    "enUS": "Mana Exchange Shrine",
    "zhTW": "法力交換神殿",
    "deDE": "Schrein des Manatausches",
    "esES": "Santuario de intercambio de maná",
    "frFR": "Sanctuaire d’échange de mana",
    "itIT": "Santuario dello scambio di mana",
    "koKR": "마나 교환의 신단",
    "plPL": "Kapliczka zamiany many",
    "esMX": "Sagrario de intercambio de maná",
    "jaJP": "マナ交換の祭壇",
    "ptBR": "Altar de Troca de Mana",
    "ruRU": "Святилище обмена маной",
    "zhCN": "法力交换神殿"
  },
  {
    "id": 10815,
    "Key": "ShrId6",
    "enUS": "Armor Shrine",
    "zhTW": "裝甲神殿",
    "deDE": "Rüstungsschrein",
    "esES": "Santuario de armadura",
    "frFR": "Sanctuaire d’armure",
    "itIT": "Santuario dell'armatura",
    "koKR": "방어의 신단",
    "plPL": "Kapliczka zbroi",
    "esMX": "Sagrario de armadura",
    "jaJP": "守りの祭壇",
    "ptBR": "Altar de Armadura",
    "ruRU": "Святилище брони",
    "zhCN": "装甲神殿"
  },
  {
    "id": 10816,
    "Key": "ShrId7",
    "enUS": "Combat Shrine",
    "zhTW": "作戰神殿",
    "deDE": "Kampfschrein",
    "esES": "Santuario de combate",
    "frFR": "Sanctuaire de combat",
    "itIT": "Santuario del combattimento",
    "koKR": "전투의 신단",
    "plPL": "Kapliczka walki",
    "esMX": "Sagrario de combate",
    "jaJP": "戦いの祭壇",
    "ptBR": "Altar de Combate",
    "ruRU": "Святилище сражений",
    "zhCN": "作战神殿"
  },
  {
    "id": 10817,
    "Key": "ShrId8",
    "enUS": "Resist Fire Shrine",
    "zhTW": "火焰抗性神殿",
    "deDE": "Schrein des Feuerwiderstands",
    "esES": "Santuario de resistencia al fuego",
    "frFR": "Sanctuaire de résistance au Feu",
    "itIT": "Santuario della resistenza al fuoco",
    "koKR": "화염 저항의 신단",
    "plPL": "Kapliczka odporności na ogień",
    "esMX": "Sagrario de resistencia al fuego",
    "jaJP": "火炎耐性の祭壇",
    "ptBR": "Altar de Resistência a Fogo",
    "ruRU": "Святилище сопротивления огню",
    "zhCN": "火焰抗性神殿"
  },
  {
    "id": 10818,
    "Key": "ShrId9",
    "enUS": "Resist Cold Shrine",
    "zhTW": "冰凍抗性神殿",
    "deDE": "Schrein des Kältewiderstands",
    "esES": "Santuario de resistencia al frío",
    "frFR": "Sanctuaire de résistance au Froid",
    "itIT": "Santuario della resistenza al freddo",
    "koKR": "냉기 저항의 신단",
    "plPL": "Kapliczka odporności na zimno",
    "esMX": "Sagrario de resistencia al frío",
    "jaJP": "冷気耐性の祭壇",
    "ptBR": "Altar de Resistência a Gelo",
    "ruRU": "Святилище сопротивления льду",
    "zhCN": "冰冻抗性神殿"
  },
  {
    "id": 10819,
    "Key": "ShrId10",
    "enUS": "Resist Lightning Shrine",
    "zhTW": "閃電抗性神殿",
    "deDE": "Schrein des Blitzwiderstands",
    "esES": "Santuario de resistencia a los rayos",
    "frFR": "Sanctuaire de résistance à la Foudre",
    "itIT": "Santuario della resistenza al fulmine",
    "koKR": "번개 저항의 신단",
    "plPL": "Kapliczka odporności na błyskawice",
    "esMX": "Sagrario de resistencia al rayo",
    "jaJP": "電撃耐性の祭壇",
    "ptBR": "Altar de Resistência Elétrica",
    "ruRU": "Святилище сопротивления молнии",
    "zhCN": "闪电抗性神殿"
  },
  {
    "id": 10820,
    "Key": "ShrId11",
    "enUS": "Resist Poison Shrine",
    "zhTW": "毒素抗性神殿",
    "deDE": "Schrein des Giftwiderstands",
    "esES": "Santuario de resistencia al veneno",
    "frFR": "Sanctuaire de résistance au Poison",
    "itIT": "Santuario della resistenza al veleno",
    "koKR": "독 저항의 신단",
    "plPL": "Kapliczka odporności na trucizny",
    "esMX": "Sagrario de resistencia al veneno",
    "jaJP": "毒物耐性の祭壇",
    "ptBR": "Altar de Resistência a Veneno",
    "ruRU": "Святилище сопротивления яду",
    "zhCN": "毒素抗性神殿"
  },
  {
    "id": 10821,
    "Key": "ShrId12",
    "enUS": "Skill Shrine",
    "zhTW": "技能神殿",
    "deDE": "Fertigkeitsschrein",
    "esES": "Santuario de habilidad",
    "frFR": "Sanctuaire de compétence",
    "itIT": "Santuario dell'abilità",
    "koKR": "기술의 신단",
    "plPL": "Kapliczka umiejętności",
    "esMX": "Sagrario de habilidad",
    "jaJP": "スキルの祭壇",
    "ptBR": "Altar de Habilidades",
    "ruRU": "Святилище умений",
    "zhCN": "技能神殿"
  },
  {
    "id": 10822,
    "Key": "ShrId13",
    "enUS": "Mana Recharge Shrine",
    "zhTW": "法力補充神殿",
    "deDE": "Schrein der Manaerneuerung",
    "esES": "Santuario de recarga de maná",
    "frFR": "Sanctuaire de recharge de mana",
    "itIT": "Santuario della ricarica del mana",
    "koKR": "마나 충전의 신단",
    "plPL": "Kapliczka odzyskania many",
    "esMX": "Sagrario de recarga de maná",
    "jaJP": "マナ再生の祭壇",
    "ptBR": "Altar de Recarga de Mana",
    "ruRU": "Святилище восполнения маны",
    "zhCN": "法力补充神殿"
  },
  {
    "id": 10823,
    "Key": "ShrId14",
    "enUS": "Stamina Shrine",
    "zhTW": "耐力神殿",
    "deDE": "Ausdauerschrein",
    "esES": "Santuario de aguante",
    "frFR": "Sanctuaire d’endurance",
    "itIT": "Santuario del vigore",
    "koKR": "지구력의 신단",
    "plPL": "Kapliczka wytrzymałości",
    "esMX": "Sagrario de vigor",
    "jaJP": "スタミナの祭壇",
    "ptBR": "Altar de Vigor",
    "ruRU": "Святилище выносливости",
    "zhCN": "耐力神殿"
  },
  {
    "id": 10824,
    "Key": "ShrId15",
    "enUS": "Experience Shrine",
    "zhTW": "經驗神殿",
    "deDE": "Erfahrungsschrein",
    "esES": "Santuario de experiencia",
    "frFR": "Sanctuaire d’expérience",
    "itIT": "Santuario dell'esperienza",
    "koKR": "경험의 신단",
    "plPL": "Kapliczka doświadczenia",
    "esMX": "Sagrario de experiencia",
    "jaJP": "経験の祭壇",
    "ptBR": "Altar de Experiência",
    "ruRU": "Святилище опыта",
    "zhCN": "经验神殿"
  },
  {
    "id": 10825,
    "Key": "ShrId16",
    "enUS": "Enirhs Shrine",
    "zhTW": "辨視神殿",
    "deDE": "Nierhcs-Schrein",
    "esES": "Santuario de Oirautnas",
    "frFR": "Sanctuaire d’Enirhs",
    "itIT": "Santuario di Enirh",
    "koKR": "에니르의 신단",
    "plPL": "Kapliczka akczilpak",
    "esMX": "Sagrario oirargas",
    "jaJP": "ンダイサの祭壇",
    "ptBR": "Altar de Ratla",
    "ruRU": "Святилище Ещилитявс",
    "zhCN": "辨视神殿"
  },
  {
    "id": 10826,
    "Key": "ShrId17",
    "enUS": "Portal Shrine",
    "zhTW": "傳送神殿",
    "deDE": "Portalschrein",
    "esES": "Santuario de portal",
    "frFR": "Sanctuaire de portail",
    "itIT": "Santuario del portale",
    "koKR": "차원문의 신단",
    "plPL": "Kapliczka portalu",
    "esMX": "Sagrario de portal",
    "jaJP": "ポータルの祭壇",
    "ptBR": "Altar do Portal",
    "ruRU": "Святилище портала",
    "zhCN": "传送神殿"
  },
  {
    "id": 10827,
    "Key": "ShrId18",
    "enUS": "Gem Shrine",
    "zhTW": "寶石神殿",
    "deDE": "Edelsteinschrein",
    "esES": "Santuario de gema",
    "frFR": "Sanctuaire de gemme",
    "itIT": "Santuario della gemma",
    "koKR": "보석의 신단",
    "plPL": "Kapliczka klejnotów",
    "esMX": "Sagrario de gema",
    "jaJP": "宝石の祭壇",
    "ptBR": "Altar de Gema",
    "ruRU": "Святилище самоцветов",
    "zhCN": "宝石神殿"
  },
  {
    "id": 10828,
    "Key": "ShrId19",
    "enUS": "Fire Shrine",
    "zhTW": "火焰神殿",
    "deDE": "Feuerschrein",
    "esES": "Santuario de fuego",
    "frFR": "Sanctuaire de Feu",
    "itIT": "Santuario del fuoco",
    "koKR": "불의 신단",
    "plPL": "Kapliczka ognia",
    "esMX": "Sagrario de fuego",
    "jaJP": "火炎の祭壇",
    "ptBR": "Altar Ígneo",
    "ruRU": "Святилище огня",
    "zhCN": "火焰神殿"
  },
  {
    "id": 10829,
    "Key": "ShrId20",
    "enUS": "Monster Shrine",
    "zhTW": "怪物神殿",
    "deDE": "Monsterschrein",
    "esES": "Santuario monstruoso",
    "frFR": "Sanctuaire de monstre",
    "itIT": "Santuario del mostro",
    "koKR": "괴물의 신단",
    "plPL": "Kapliczka potworów",
    "esMX": "Sagrario de monstruos",
    "jaJP": "魔物の祭壇",
    "ptBR": "Altar Monstruoso",
    "ruRU": "Святилище монстров",
    "zhCN": "怪物神殿"
  },
  {
    "id": 10830,
    "Key": "ShrId21",
    "enUS": "Exploding Shrine",
    "zhTW": "爆裂神殿",
    "deDE": "Explosionsschrein",
    "esES": "Santuario explosivo",
    "frFR": "Sanctuaire explosif",
    "itIT": "Santuario dell'esplosione",
    "koKR": "폭발의 신단",
    "plPL": "Kapliczka eksplozji",
    "esMX": "Sagrario explosivo",
    "jaJP": "爆発の祭壇",
    "ptBR": "Altar Explosivo",
    "ruRU": "Святилище взрывов",
    "zhCN": "爆裂神殿"
  },
  {
    "id": 10831,
    "Key": "ShrId22",
    "enUS": "Poison Shrine",
    "zhTW": "毒素神殿",
    "deDE": "Giftschrein",
    "esES": "Santuario de veneno",
    "frFR": "Sanctuaire de Poison",
    "itIT": "Santuario del veleno",
    "koKR": "독의 신단",
    "plPL": "Kapliczka trucizny",
    "esMX": "Sagrario de veneno",
    "jaJP": "毒の祭壇",
    "ptBR": "Altar Venenoso",
    "ruRU": "Святилище яда",
    "zhCN": "毒素神殿"
  },
  {
    "id": 22592,
    "Key": "Shrine2wilderness",
    "enUS": "Shrine",
    "zhTW": "神殿",
    "deDE": "Schrein",
    "esES": "Santuario",
    "frFR": "Sanctuaire",
    "itIT": "Santuario",
    "koKR": "신단",
    "plPL": "Kapliczka",
    "esMX": "Sagrario",
    "jaJP": "祭壇",
    "ptBR": "Altar",
    "ruRU": "Святилище",
    "zhCN": "神殿"
  },
  {
    "id": 22593,
    "Key": "Shrine3wilderness",
    "enUS": "Shrine",
    "zhTW": "神殿",
    "deDE": "Schrein",
    "esES": "Santuario",
    "frFR": "Sanctuaire",
    "itIT": "Santuario",
    "koKR": "신단",
    "plPL": "Kapliczka",
    "esMX": "Sagrario",
    "jaJP": "祭壇",
    "ptBR": "Altar",
    "ruRU": "Святилище",
    "zhCN": "神殿"
  }
]
