{
  "dependencies":
  {
    "particles":
    [
    ],
    "models":
    [
      {
        "path": "data/hd/character/enemy/clawviper1/torso.model"
      }
    ],
    "skeletons":
    [
      {
        "path": "data/hd/character/enemy/clawviper1/skeleton/clawviper1.skeleton"
      }
    ],
    "animations":
    [
    ],
    "textures":
    [
      {
        "path": "data/hd/character/common/common_ktint.texture"
      },
      {
        "path": "data/hd/character/enemy/clawviper1/textures/ClawViper_ALB.texture"
      },
      {
        "path": "data/hd/character/enemy/clawviper1/textures/ClawViper_armor_alb.texture"
      },
      {
        "path": "data/hd/character/enemy/clawviper1/textures/ClawViper_armor_nrm.texture"
      },
      {
        "path": "data/hd/character/enemy/clawviper1/textures/ClawViper_armor_orm.texture"
      },
      {
        "path": "data/hd/character/enemy/clawviper1/textures/ClawViper_KTINT.texture"
      },
      {
        "path": "data/hd/character/enemy/clawviper1/textures/ClawViper_nrm.texture"
      },
      {
        "path": "data/hd/character/enemy/clawviper1/textures/ClawViper_orm.texture"
      }
    ],
    "physics":
    [
    ],
    "json":
    [
      {
        "path": "data/hd/character/enemy/clawviper1/clawviper1_state_machine.json"
      }
    ],
    "variantdata":
    [
      {
        "path": "data/hd/character/enemy/clawviper1/clawviper1_variant.json"
      }
    ],
    "objecteffects":
    [
    ],
    "other":
    [
    ]
  },
  "type": "UnitDefinition",
  "name": "clawviper1",
  "entities":
  [
    {
      "type": "Entity",
      "name": "entity_root",
      "id": 2594214719,
      "components":
      [
        {
          "type": "UnitRootComponent",
          "name": "component_root",
          "state_machine_filename": "data/hd/character/enemy/clawviper1/clawviper1_state_machine.json",
          "doNotInheritRotation": false,
          "rotationOverride":
          {
            "x": 0.0,
            "y": 0.3826834,
            "z": 0.0,
            "w": 0.9238795
          },
          "doNotUseHDHeight": false,
          "hideAllMeshWhenInOpenedMode": false,
          "onCreateEventName": "",
          "animations":
          [
          ]
        },
        {
          "type": "SkeletonDefinitionComponent",
          "name": "component_skeleton",
          "filename": "data/hd/character/enemy/clawviper1/skeleton/clawviper1.skeleton"
        },
        {
          "type": "VariantDefinitionComponent",
          "name": "component_variant",
          "filename": "data/hd/character/enemy/clawviper1/clawviper1_variant.json"
        },
        {
          "type": "MoveAnimationSelectComponent",
          "name": "entity_root_MoveAnimationSelect",
          "animationOptions":
          [
            {
              "type": "MoveAnimationOption",
              "name": "entity_root_MoveAnimationSelect_animationOptions_0",
              "validForWalk": true,
              "validForRun": true,
              "validInsideTown": true,
              "validOutsideTown": true,
              "minMoveSpeed": 0.0,
              "maxMoveSpeed": 6.0,
              "baseMoveSpeed": 6.0,
              "animationName": "Walk"
            },
            {
              "type": "MoveAnimationOption",
              "name": "entity_root_MoveAnimationSelect_animationOptions_1",
              "validForWalk": true,
              "validForRun": true,
              "validInsideTown": true,
              "validOutsideTown": true,
              "minMoveSpeed": 6.0,
              "maxMoveSpeed": 99.0,
              "baseMoveSpeed": 7.0,
              "animationName": "Run"
            }
          ],
          "defaultAnimationName": "Walk"
        },
        {
          "type": "DamageFXComponent",
          "name": "entity_root_DamageFX",
          "vfxSpawnBones":
          [
            "spine_02_bind_jnt"
          ],
          "attackAttemptVfxOverrides":
          {
          },
          "disableAttemptVfx": false,
          "attackSuccessVfxOverrides":
          {
          },
          "disableSuccessVfx": false,
          "attackFailVfxOverrides":
          {
          },
          "disableFailVfx": false
        }
      ]
    },
    {
      "type": "Entity",
      "name": "entity_torso",
      "id": 3143370188,
      "components":
      [
        {
          "type": "UnitPartComponent",
          "name": "component_part_torso",
          "part": "torso",
          "variant": "lit"
        },
        {
          "type": "ModelDefinitionComponent",
          "name": "component_model_torso",
          "filename": "data/hd/character/enemy/clawviper1/torso.model",
          "visibleLayers": 1,
          "lightMask": 19,
          "shadowMask": 3,
          "ghostShadows": false,
          "floorModel": false,
          "terrainBlendEnableYUpBlend": false,
          "terrainBlendMode": 1
        }
      ]
    },
    { //头上显示感叹号
      "type": "Entity",
      "name": "vfx",
      "id": 2238451436,
      "components":
      [
        {
          "type": "VfxDefinitionComponent",
          "name": "vfx_VfxDefinition",
          "filename": "data/hd/vfx/particles/overlays/npcs/FX_npcalert.particles",
          "hardKillOnDestroy": false
        },
        {
          "type": "TransformDefinitionComponent",
          "name": "vfx_TransformDefinition",
          "position":
          {
            "x": 0.0,
            "y": 8.5,
            "z": 0.0
          },
          "orientation":
          {
            "x": 0.0,
            "y": 0.0,
            "z": 0.0,
            "w": 1.0
          },
          "scale":
          {
            "x": 1.0,
            "y": 1.0,
            "z": 1.0
          },
          "inheritOnlyPosition": false
        }
      ]
    }
  ]
}