{
    "basedOn": "BankOriginalLayoutHD.json",
    "type": "BankPanel", "name": "BankExpansionLayout",
    "children": [
        {
            "type": "ClickCatcherWidget", "name": "click_catcher",
            "fields": {
                "rect": { "width": 1370, "height": 1507 },
                        },
        },
        {
            "type": "ImageWidget", "name": "background",
            "fields": {
                "filename": "PANEL\\Stash\\StashPanel_BG",
            },
        },
        {
            "type": "ImageWidget", "name": "LeftHinge",
        },
        {
            "type": "TextBoxWidget", "name": "title",
        },
        {
            "type": "TextBoxWidget", "name": "gold_amount",
            "fields": {
                "rect": { "x": 160, "y": 75 },
            },
        },
        {
            "type": "ButtonWidget", "name": "gold_withdraw",
            "fields": {
                "rect": { "x": 100, "y": 75 },
            },
        },
        {
            "type": "ButtonWidget", "name": "close",
        },
        {
            "type": "InventoryGridWidget", "name": "grid",
            "fields": {
                "rect": { "x": 90, "y": 237, "scale": 0.76 },
                "cellCount": { "x": 16, "y": 16 },
            },
        },
        {
            "type": "TabBarWidget", "name": "BankTabs",
            "fields": {
                "rect": { "x": 82, "y": 164 },
                "tabCount": 8,
                "filename": "PANEL\\stash\\Stash_Tabs16",
                "inactiveFrames": [ ],
                "activeFrames": [ 1, 1, 1, 1, 1, 1, 1, 1],
                "disabledFrames": [ ],
                "textStrings": [ "@personal", "@shared 1", "@shared 2", "@shared 3", "@shared 4", "@shared 5", "@shared 6", "@shared 7"],
                "textStyle": { "pointSize": "$SmallPanelFontSize" },
                "activeTextColor": "$TabsActiveTextColor",
                "inactiveTextColor": "$TabsInactiveTextColor",
                "tabSize": { "x": 148, "y": 75 },
                "tabPadding": { "x": 0, "y": 0 },
                "onSwitchTabMessage": "BankPanelMessage:SelectTab",
            }
        },
    ]
}
