{
    "type": "HoradricCubePanel", "name": "HoradricCubeLayout",
    "fields": {
        "priority": 10,
        "rect": "$LeftPanelRect",
        "anchor": "$LeftPanelAnchor",
    },
    "children": [
        {
            "type": "ClickCatcherWidget", "name": "click_catcher",
            "fields": {
                "rect": "$PanelClickCatcherRect"
            },
        },
        {
            "type": "ImageWidget", "name": "background",
            "fields": {
                "filename": "PANEL\\Horadric_Cube\\HoradricCube_BG"
            },
        },
        {
            "type": "ImageWidget", "name": "LeftHinge",
            "fields": {
                "rect": "$LeftHingeRect",
                "filename": "$LeftHingeSprite"
            },
        },
        {
            "type": "TextBoxWidget", "name": "title",
            "fields": {
                "rect": "$InGamePanelTitleRect",
                "style": "$StyleTitleBlock",
                "text": "@box",
            },
        },
        {
            "type": "ButtonWidget", "name": "convert",
            "fields": {
                "rect": { "x": 520, "y": 1289 },
                "filename": "PANEL\\Horadric_Cube\\TransmuteButton",
                "tooltipString": "@strUiMenu2",
                "hoveredFrame": 2,
                "onClickMessage": "HoradricCubePanelMessage:Convert",
            },
        },
        {
            "type": "ButtonWidget", "name": "MessagePanel",
            "fields": {
                "rect": { "x": 1108, "y": 711 },
                "filename": "PANEL\\Character_Sheet\\AdvancedStatsButton",
                "hoveredFrame": 3,
                "onClickMessage": "PanelManager:OpenPanel:messagePanel",
                "pressLabelOffset": { "x": 0, "y": 2 },
                "tooltipString": "配方信息查询"
            },
        },
        {
            "type": "ButtonWidget", "name": "close",
            "fields": {
                "rect": { "x": 1075, "y": 9 },
                "filename": "PANEL\\closebtn_4x",
                "hoveredFrame": 3,
                "tooltipString": "@strClose",
                "sound": "cursor_close_window_hd",
                "onClickMessage": "HoradricCubePanelMessage:Close",
            },
        },
        {
            "type": "InventoryGridWidget", "name": "grid",
            "fields": {
                "rect": { "x": 65, "y": 141 , "scale": 0.7},
                "cellCount": { "x": 15, "y": 16},
                "cellSize": "$ItemCellSize",
                "gemSocketFilename": "PANEL\\gemsocket",
            },
        },
    ]
}
