{
    "type": "MonsterHealthPanel", "name": "HUDMonsterHealth",
    "fields": {
        "priority": -100,
        "anchor": { "x": 0.5 },
        "rect": { "x":-395, "y": 60,"width": 790, "height": 75 },
    },
    "children": [        
        {
            "type": "HealthBarWidget", "name": "Health",
            "fields": {
                "fitToParent": true,
                "normalColor": { "r": 0.5, "g": 0.0, "b": 0.0 },
                "transparency": 0.75,
                "backgroundTransparency": 0.75,
                "criticalHealthPercent": 0,
                "warningHealthPercent": 0,
                "drawWhenEmpty": true
            },
            "children": [
                {
                "type": "NineTileImageWidget", "name": "HealthBarBorder",
                "fields": {
                    "fitToParent": true,
                    "filename": "PANEL/TooltipBorder/TooltipBorder",
                    "rect": { "x":-405, "y": 67,"width": 620, "height": 46 },
                    "backgroundColor": [ 0.0, 0.0, 0.0, 0 ],
                    "tileScale": 1.0,
                    "backgroundTransparency": 0,
                    "drawWhenEmpty": true
                    }
                },
                {
                    "type": "TextBoxWidget", "name": "Name",
                    "fields": {
                        "anchor": { "x": 0.5, "y": 0.5 },
                        "style": {
                            "pointSize": "$LargeFontSize",
                            "alignment": { "h": "center", "v": "center" },
                            "options": { "pipeCharacterBehavior": "handle" },
                            "spacing": { "kerning": 1 }
                        }
                    }
                },
            ]
        },
        {
            "type": "TextBoxWidget", "name": "Unique",
            "fields": {
                "anchor": { "x": 0.5 },
                "rect": { "x":0, "y": 125 },
                "style": {
                    "pointSize": "$MediumFontSize",
                    "alignment": { "h": "center", "v": "center"  },
                    "options": { "pipeCharacterBehavior": "handle" }
                }
            }
        },
        {
            "type": "TextBoxWidget", "name": "Additional",
            "fields": {
                "rect": { "x":0, "y": 170 },
                "anchor": { "x": 0.5 },
                "style": {
                    "pointSize": "$MediumFontSize",
                    "alignment": { "h": "center", "v": "center"  },
                    "options": { "pipeCharacterBehavior": "handle" }
                }
            }
        },


    ]
}
