{
    "type": "SettingsPanel", "name": "messagePanel",
    "fields": {
        "anchor": "$LeftPanelAnchor",
        "priority": 9002,
        "fitToParent": false,
    },
    "children": [
        {
            "type": "RectangleWidget", "name": "Background",
            "children": [
                {
                    "type": "ClickCatcherWidget", "name": "catcher",
                    "fields": {
                        "fitToParent": true,
                    }
                },
				{
                    "type": "Widget", "name": "Anchor",
                    "fields": {
                        "anchor": { "x": 0.5, "y": 0.5 },
                        "rect": "$SettingsPanelAnchorRect",
                    },
                    "children": [
        {
            "type": "ClickCatcherWidget", "name": "click_catcher",
            "fields": {
                "rect": { "x": 2365, "y": 300, "width": 900, "height": 1507 },
            },
        },
        {
            "type": "ImageWidget", "name": "Background",
            "fields": {
                "rect": { "x": 2375, "y": 300 },
                "filename": "PANEL\\AdvancedCharacterSheet\\AdvancedCharacterSheet_BG"
            }
        },
                        {
                            "type": "TextBoxWidget", "name": "Title",
                            "fields": {
                                "rect": { "x": 2415, "y": 385, "width": 795, "height": 25 },
                                "text": "制作配方查询",
                                "style": "$StyleTitleBlock",
                            },
                        },
        {
            "type": "ButtonWidget", "name": "MessagePanel",
            "fields": {
                "rect": { "x": 2319, "y": 1013 },
                "filename": "PANEL\\Character_Sheet\\AdvancedStatsButton",
                "hoveredFrame": 3,
                "onClickMessage": "PanelManager:ClosePanel:messagePanel",
                "pressLabelOffset": { "x": 0, "y": 2 },
                "tooltipString": "关闭查询窗口"
            },
},
                        {
                            "type": "ButtonWidget", "name": "CloseButton",
                            "fields": {
                                "rect": { "x": 3166, "y": 308 },
                                "filename": "PANEL\\closebtn_4x",
                                "hoveredFrame": 3,
                                "onClickMessage": "PanelManager:ClosePanel:messagePanel",
                                "sound": "cursor_close_window_hd",
                                "acceptsReturnKey": true,
                                "focusOnMouseOver": true,
                                "acceptsEscKeyEverywhere": true
                            },
                        },
                    ]
                },
            ]
        },

        {
            "type": "TabBarWidget", "name": "OptionsTabs",
            "fields": {
                "rect": { "x": 1435, "y": -480, "width": 800, "height": 121 },
                "anchor": { "x": 0.5 },
                "tabCount": 3,
                "tabSize": { "x": 220, "y": 60, },
                "tabPadding": { "x": 0, "y": 0 },
                "unavailableTabsLeaveGaps": false,
                "tabSizingMethod": "fixedCenter",
                "filename": "PANEL\\message\\Tab",
                "inactiveFrames": [ 1, 1, 1 ],
                "activeFrames": [ 0, 0, 0 ],
                "activeTextColor": "$FontColorGoldYellow",
                "inactiveTextColor": "$TabsInactiveTextColor",
                "tabTextOffset": { "x": 0, "y": -15, },
                "textStyle": {
                    "options": { "lineWrap": true },
                    "pointSize": "$MediumFontSize",
                    "alignment": { "h": "center", "v": "center" },
                    "fontColor": "$FontColorWhite",
                    "spacing": {"leading":0.9, "kerning":0.95}
                },
                "textStrings": [ "合成公式", "符文之语", "其他查询" ],
                "tabMessages": [
                    "SettingsPanelMessage:CheckChanges:message1Panel",
                    "SettingsPanelMessage:CheckChanges:message2Panel",
                    "SettingsPanelMessage:CheckChanges:message3Panel",
                ],
            },
        },
    ]
}
