{
    "type": "SettingsPanel", "name": "message1Panel",
    "fields": {
        "priority": 9003,
        "rect": { "x": 1510, "y": -377, "width": 650, "height": 1130 },
        "anchor": "$LeftPanelAnchor",
        "applySettingsImmediately": false,
    },
    "children": [
         {
            "type": "ImageWidget", "name": "ScrollBarBackground",
            "fields": {
                "rect": { "x": 10, "y": -128 },
                "anchor": { "x": 1.0 },
                "filename": "PauseMenu\\VerticalScroll",
            },
            "children": [
                {
                    "type": "ScrollControllerWidget", "name": "ScrollController",
                    "fields": {
                        "rect": { "x": -31, "y": 29, "width": 26, "height": 1208 },
                        "anchor": { "x": 1.0 },
                        "upArrowFilepath": "FrontEnd\\HD\\Final\\FrontEnd_ScrollUpBtn",
                        "downArrowFilepath": "FrontEnd\\HD\\Final\\FrontEnd_ScrollDownBtn",
                        "barFilepath": "PauseMenu\\VerticalIndicator",
                        "viewName": "ScrollView",
                        "wheelScrollSound": "cursor_scroll_hd",
                        "buttonScrollSound": "cursor_scroll_hd",
                    }
                },
            ]
        },
        {
            "type": "ScrollViewWidget", "name": "ScrollView",
            "fields": {
                "fitToParent": true,
                "scrollControllerName": "ScrollController",
            },
            "children": [
                {
                    "type": "TableWidget", "name": "OptionsTable",
                    "fields": {
                        "columns": [ "$OptionsTableColumn1", "$OptionsTableColumn2" ],
                        "rowHeight": "$ModTableRowHeight",
                    },
                    "children": [
                        {
                            "type": "TableRowWidget", "name": "RowModQoL",
                            "children": [
                                {
                                    "type": "TextBoxWidget", "name": "ModQolTitle",
                                    "fields": {
                                        "text": "·符文合成·",
                                        "style": {
    			    "fontColor": "$FontColorGold",
    			    "pointSize": "$MediumFontSize",
    			    "spacing" : "$ReducedSpacing",
    			    "alignment": { "h": "left", "v": "center" },
      			    "options": { "lineWrap": true },


                                                  },
                                    },
                                },
                            ]
                        },

        {
            "type": "ImageWidget", "name": "Rune",
            "fields": {
                "rect": { "x": 0, "y": 80, "scale": 0.80 },
                "filename": "items\\misc\\rune\\eld_rune",
                "tooltipString": "ÿc8@r02 = @r01×3",
                "sound": "",
            }
        },
        {
            "type": "ImageWidget", "name": "Rune",
            "fields": {
                "rect": { "x": 80, "y": 80, "scale": 0.80  },
                "filename": "items\\misc\\rune\\tir_rune",
                "tooltipString": "ÿc8@r03 = @r02×3",
                "sound": "",
            }
        },
        {
            "type": "ImageWidget", "name": "Rune",
            "fields": {
                "rect": { "x": 160, "y": 80, "scale": 0.80  },
                "filename": "items\\misc\\rune\\nef_rune",
                "tooltipString": "ÿc8@r04 = @r03×3",
                "sound": "",
            }
        },
        {
            "type": "ImageWidget", "name": "Rune",
            "fields": {
                "rect": { "x": 240, "y": 80, "scale": 0.80  },
                "filename": "items\\misc\\rune\\eth_rune",
                "tooltipString": "ÿc3ÿc85#(Eth) = 4#(Nef)×3",
                "sound": "",
            }
        },
        {
            "type": "ImageWidget", "name": "Rune",
            "fields": {
                "rect": { "x": 320, "y": 80, "scale": 0.80  },
                "filename": "items\\misc\\rune\\ith_rune",
                "tooltipString": "ÿc3ÿc86#(Ith) = 5#(Eth)×3",
                "sound": "",
            }
        },
        {
            "type": "ImageWidget", "name": "Rune",
            "fields": {
                "rect": { "x": 400, "y": 80, "scale": 0.80  },
                "filename": "items\\misc\\rune\\tal_rune",
                "tooltipString": "ÿc3ÿc87#(Tal) = 6#(Ith)×3",
                "sound": "",
            }
        },
        {
            "type": "ImageWidget", "name": "Rune",
            "fields": {
                "rect": { "x": 480, "y": 80, "scale": 0.80  },
                "filename": "items\\misc\\rune\\ral_rune",
                "tooltipString": "ÿc3ÿc88#(Ral) = 7#(Tal)×3",
                "sound": "",
            }
        },
        {
            "type": "ImageWidget", "name": "Rune",
            "fields": {
                "rect": { "x": 560, "y": 80, "scale": 0.80  },
                "filename": "items\\misc\\rune\\ort_rune",
                "tooltipString": "ÿc3ÿc89#(Ort) = 8#(Ral)×3",
                "sound": "",
            }
        },
        {
            "type": "ImageWidget", "name": "Rune",
            "fields": {
                "rect": { "x": 0, "y": 160, "scale": 0.80 },
                "filename": "items\\misc\\rune\\Thul_rune",
                "tooltipString": "ÿc3ÿc810#(Thul) = 9#(Ort)×3",
                "sound": "",
            }
        },
        {
            "type": "ImageWidget", "name": "Rune",
            "fields": {
                "rect": { "x": 80, "y": 160, "scale": 0.80  },
                "filename": "items\\misc\\rune\\Amn_rune",
                "tooltipString": "ÿc3ÿc811#(Amn) = 10#(Thul)×3 + @gcy",
                "sound": "",
            }
        },
        {
            "type": "ImageWidget", "name": "Rune",
            "fields": {
                "rect": { "x": 160, "y": 160, "scale": 0.80  },
                "filename": "items\\misc\\rune\\Sol_rune",
                "tooltipString": "ÿc3ÿc812#(Sol) = 11#(Amn)×3 + @gcv",
                "sound": "",
            }
        },
        {
            "type": "ImageWidget", "name": "Rune",
            "fields": {
                "rect": { "x": 240, "y": 160, "scale": 0.80  },
                "filename": "items\\misc\\rune\\Shael_rune",
                "tooltipString": "ÿc3ÿc813#(Shael) = 12#(Sol)×3 + @gcb",
                "sound": "",
            }
        },
        {
            "type": "ImageWidget", "name": "Rune",
            "fields": {
                "rect": { "x": 320, "y": 160, "scale": 0.80  },
                "filename": "items\\misc\\rune\\Dol_rune",
                "tooltipString": "ÿc3ÿc814#(Dol) = 13#(Shael)×3 + @gcr",
                "sound": "",
            }
        },
        {
            "type": "ImageWidget", "name": "Rune",
            "fields": {
                "rect": { "x": 400, "y": 160, "scale": 0.80  },
                "filename": "items\\misc\\rune\\Hel_rune",
                "tooltipString": "ÿc3ÿc815#(Hel) = 14#(Dol)×3 + @gcg",
                "sound": "",
            }
        },
        {
            "type": "ImageWidget", "name": "Rune",
            "fields": {
                "rect": { "x": 480, "y": 160, "scale": 0.80  },
                "filename": "items\\misc\\rune\\Io_rune",
                "tooltipString": "ÿc3ÿc816#(Io) = 15#(Hel)×3 + @gcw",
                "sound": "",
            }
        },
        {
            "type": "ImageWidget", "name": "Rune",
            "fields": {
                "rect": { "x": 560, "y": 160, "scale": 0.80  },
                "filename": "items\\misc\\rune\\Lum_rune",
                "tooltipString": "ÿc3ÿc817#(Lum) = 16#(Io)×3 + @gfy",
                "sound": "",
            }
        },


        {
            "type": "ImageWidget", "name": "Rune",
            "fields": {
                "rect": { "x": 0, "y": 240, "scale": 0.80 },
                "filename": "items\\misc\\rune\\Ko_rune",
                "tooltipString": "ÿc3ÿc818#(Ko) = 17#(Lum)×3 + @gfv",
                "sound": "",
            }
        },
        {
            "type": "ImageWidget", "name": "Rune",
            "fields": {
                "rect": { "x": 80, "y": 240, "scale": 0.80  },
                "filename": "items\\misc\\rune\\Fal_rune",
                "tooltipString": "ÿc3ÿc819#(Fal) = 18#(Ko)×3 + @gfb",
                "sound": "",
            }
        },
        {
            "type": "ImageWidget", "name": "Rune",
            "fields": {
                "rect": { "x": 160, "y": 240, "scale": 0.80  },
                "filename": "items\\misc\\rune\\Lem_rune",
                "tooltipString": "ÿc3ÿc820#(Lem) = 19#(Fal)×3 + @gfr",
                "sound": "",
            }
        },
        {
            "type": "ImageWidget", "name": "Rune",
            "fields": {
                "rect": { "x": 240, "y": 240, "scale": 0.80  },
                "filename": "items\\misc\\rune\\Pul_rune",
                "tooltipString": "ÿc3ÿc821#(Pul) = 20#(Lem)×3 + @gfg",
                "sound": "",
            }
        },
        {
            "type": "ImageWidget", "name": "Rune",
            "fields": {
                "rect": { "x": 320, "y": 240, "scale": 0.80  },
                "filename": "items\\misc\\rune\\Um_rune",
                "tooltipString": "ÿc3ÿc822#(Um) = 21#(Pul)×2 + @gfw",
                "sound": "",
            }
        },
        {
            "type": "ImageWidget", "name": "Rune",
            "fields": {
                "rect": { "x": 400, "y": 240, "scale": 0.80  },
                "filename": "items\\misc\\rune\\Mal_rune",
                "tooltipString": "ÿc3ÿc823#(Mal) = 22#(Um)×2 + @gsy",
                "sound": "",
            }
        },
        {
            "type": "ImageWidget", "name": "Rune",
            "fields": {
                "rect": { "x": 480, "y": 240, "scale": 0.80  },
                "filename": "items\\misc\\rune\\Ist_rune",
                "tooltipString": "ÿc3ÿc824#(Ist) = 23#(Mal)×2 + @gsv",
                "sound": "",
            }
        },
        {
            "type": "ImageWidget", "name": "Rune",
            "fields": {
                "rect": { "x": 560, "y": 240, "scale": 0.80  },
                "filename": "items\\misc\\rune\\Gul_rune",
                "tooltipString": "ÿc3ÿc825#(Gul) = 24#(Ist)×2 + @gsb",
                "sound": "",
            }
        },

        {
            "type": "ImageWidget", "name": "Rune",
            "fields": {
                "rect": { "x": 0, "y": 320, "scale": 0.80 },
                "filename": "items\\misc\\rune\\Vex_rune",
                "tooltipString": "ÿc3ÿc826#(Vex) = 25#(Gul)×2 + @gsr",
                "sound": "",
            }
        },
        {
            "type": "ImageWidget", "name": "Rune",
            "fields": {
                "rect": { "x": 80, "y": 320, "scale": 0.80  },
                "filename": "items\\misc\\rune\\Ohm_rune",
                "tooltipString": "ÿc3ÿc827#(Ohm) = 26#(Vex)×2 + @gsg",
                "sound": "",
            }
        },
        {
            "type": "ImageWidget", "name": "Rune",
            "fields": {
                "rect": { "x": 160, "y": 320, "scale": 0.80  },
                "filename": "items\\misc\\rune\\Lo_rune",
                "tooltipString": "ÿc3ÿc828#(Lo) = 27#(Ohm)×2 + @gsw",
                "sound": "",
            }
        },
        {
            "type": "ImageWidget", "name": "Rune",
            "fields": {
                "rect": { "x": 240, "y": 320, "scale": 0.80  },
                "filename": "items\\misc\\rune\\Sur_rune",
                "tooltipString": "ÿc3ÿc829#(Sur) = 28#(Lo)×2 + @gly",
                "sound": "",
            }
        },
        {
            "type": "ImageWidget", "name": "Rune",
            "fields": {
                "rect": { "x": 320, "y": 320, "scale": 0.80  },
                "filename": "items\\misc\\rune\\Ber_rune",
                "tooltipString": "ÿc3ÿc830#(Ber) = 29#(Sur)×2 + @gzv",
                "sound": "",
            }
        },
        {
            "type": "ImageWidget", "name": "Rune",
            "fields": {
                "rect": { "x": 400, "y": 320, "scale": 0.80  },
                "filename": "items\\misc\\rune\\Jah_rune",
                "tooltipString": "ÿc3ÿc831#(Jah) = 30#(Ber)×2 + @glb",
                "sound": "",
            }
        },
        {
            "type": "ImageWidget", "name": "Rune",
            "fields": {
                "rect": { "x": 480, "y": 320, "scale": 0.80  },
                "filename": "items\\misc\\rune\\Cham_rune",
                "tooltipString": "ÿc3ÿc832#(Cham) = 31#(Jah)×2 + @glr",
                "sound": "",
            }
        },
        {
            "type": "ImageWidget", "name": "Rune",
            "fields": {
                "rect": { "x": 560, "y": 320, "scale": 0.80  },
                "filename": "items\\misc\\rune\\zod_rune",
                "tooltipString": "ÿc3ÿc833#(Zod) = 32#(Cham)×2 + @glg",
                "sound": "",
            }
        },


        {
            "type": "ButtonWidget", "name": "Rune",
            "fields": {
                "rect": { "x": 0, "y": 80, "scale": 0.80 },
                "filename": "items\\misc\\rune\\eld_rune",
                "tooltipString": "ÿc8@r02 = @r01×3",
                "sound": "",
            }
        },
        {
            "type": "ButtonWidget", "name": "Rune",
            "fields": {
                "rect": { "x": 80, "y": 80, "scale": 0.80  },
                "filename": "items\\misc\\rune\\tir_rune",
                "tooltipString": "ÿc8@r03 = @r02×3",
                "sound": "",
            }
        },
        {
            "type": "ButtonWidget", "name": "Rune",
            "fields": {
                "rect": { "x": 160, "y": 80, "scale": 0.80  },
                "filename": "items\\misc\\rune\\nef_rune",
                "tooltipString": "ÿc8@r04 = @r03×3",
                "sound": "",
            }
        },
        {
            "type": "ButtonWidget", "name": "Rune",
            "fields": {
                "rect": { "x": 240, "y": 80, "scale": 0.80  },
                "filename": "items\\misc\\rune\\eth_rune",
                "tooltipString": "ÿc8@r05 = @r04×3",
                "sound": "",
            }
        },
        {
            "type": "ButtonWidget", "name": "Rune",
            "fields": {
                "rect": { "x": 320, "y": 80, "scale": 0.80  },
                "filename": "items\\misc\\rune\\ith_rune",
                "tooltipString": "ÿc8@r06 = @r05×3",
                "sound": "",
            }
        },
        {
            "type": "ButtonWidget", "name": "Rune",
            "fields": {
                "rect": { "x": 400, "y": 80, "scale": 0.80  },
                "filename": "items\\misc\\rune\\tal_rune",
                "tooltipString": "ÿc8@r07 = @r06×3",
                "sound": "",
            }
        },
        {
            "type": "ButtonWidget", "name": "Rune",
            "fields": {
                "rect": { "x": 480, "y": 80, "scale": 0.80  },
                "filename": "items\\misc\\rune\\ral_rune",
                "tooltipString": "ÿc8@r08 = @r07×3",
                "sound": "",
            }
        },
        {
            "type": "ButtonWidget", "name": "Rune",
            "fields": {
                "rect": { "x": 560, "y": 80, "scale": 0.80  },
                "filename": "items\\misc\\rune\\ort_rune",
                "tooltipString": "ÿc8@r09 = @r08×3",
                "sound": "",
            }
        },
        {
            "type": "ButtonWidget", "name": "Rune",
            "fields": {
                "rect": { "x": 0, "y": 160, "scale": 0.80 },
                "filename": "items\\misc\\rune\\Thul_rune",
                "tooltipString": "ÿc8@r10 = @r09×3",
                "sound": "",
            }
        },
        {
            "type": "ButtonWidget", "name": "Rune",
            "fields": {
                "rect": { "x": 80, "y": 160, "scale": 0.80  },
                "filename": "items\\misc\\rune\\Amn_rune",
                "tooltipString": "ÿc8@r11 = @r10×3+ @gcy",
                "sound": "",
            }
        },
        {
            "type": "ButtonWidget", "name": "Rune",
            "fields": {
                "rect": { "x": 160, "y": 160, "scale": 0.80  },
                "filename": "items\\misc\\rune\\Sol_rune",
                "tooltipString": "ÿc8@r12 = @r11×3 + @gcv",
                "sound": "",
            }
        },
        {
            "type": "ButtonWidget", "name": "Rune",
            "fields": {
                "rect": { "x": 240, "y": 160, "scale": 0.80  },
                "filename": "items\\misc\\rune\\Shael_rune",
                "tooltipString": "ÿc8@r13 = @r12×3 + @gcb",
                "sound": "",
            }
        },
        {
            "type": "ButtonWidget", "name": "Rune",
            "fields": {
                "rect": { "x": 320, "y": 160, "scale": 0.80  },
                "filename": "items\\misc\\rune\\Dol_rune",
                "tooltipString": "ÿc8@r14 = @r13×3 + @gcr",
                "sound": "",
            }
        },
        {
            "type": "ButtonWidget", "name": "Rune",
            "fields": {
                "rect": { "x": 400, "y": 160, "scale": 0.80  },
                "filename": "items\\misc\\rune\\Hel_rune",
                "tooltipString": "ÿc8@r15 = @r14×3 + @gcg",
                "sound": "",
            }
        },
        {
            "type": "ButtonWidget", "name": "Rune",
            "fields": {
                "rect": { "x": 480, "y": 160, "scale": 0.80  },
                "filename": "items\\misc\\rune\\Io_rune",
                "tooltipString": "ÿc8@r16 = @r15×3 + @gcw",
                "sound": "",
            }
        },
        {
            "type": "ButtonWidget", "name": "Rune",
            "fields": {
                "rect": { "x": 560, "y": 160, "scale": 0.80  },
                "filename": "items\\misc\\rune\\Lum_rune",
                "tooltipString": "ÿc8@r17 = @r16×3 + @gfy",
                "sound": "",
            }
        },


        {
            "type": "ButtonWidget", "name": "Rune",
            "fields": {
                "rect": { "x": 0, "y": 240, "scale": 0.80 },
                "filename": "items\\misc\\rune\\Ko_rune",
                "tooltipString": "ÿc8@r18 = @r17×3 + @gfv",
                "sound": "",
            }
        },
        {
            "type": "ButtonWidget", "name": "Rune",
            "fields": {
                "rect": { "x": 80, "y": 240, "scale": 0.80  },
                "filename": "items\\misc\\rune\\Fal_rune",
                "tooltipString": "ÿc8@r19 = @r18×3 + @gfb",
                "sound": "",
            }
        },
        {
            "type": "ButtonWidget", "name": "Rune",
            "fields": {
                "rect": { "x": 160, "y": 240, "scale": 0.80  },
                "filename": "items\\misc\\rune\\Lem_rune",
                "tooltipString": "ÿc8@r20 = @r19×3 + @gfr",
                "sound": "",
            }
        },
        {
            "type": "ButtonWidget", "name": "Rune",
            "fields": {
                "rect": { "x": 240, "y": 240, "scale": 0.80  },
                "filename": "items\\misc\\rune\\Pul_rune",
                "tooltipString": "ÿc8@r21 = @r20×3 + @gfg",
                "sound": "",
            }
        },
        {
            "type": "ButtonWidget", "name": "Rune",
            "fields": {
                "rect": { "x": 320, "y": 240, "scale": 0.80  },
                "filename": "items\\misc\\rune\\Um_rune",
                "tooltipString": "ÿc8@r22 = @r21×2 + @gfw",
                "sound": "",
            }
        },
        {
            "type": "ButtonWidget", "name": "Rune",
            "fields": {
                "rect": { "x": 400, "y": 240, "scale": 0.80  },
                "filename": "items\\misc\\rune\\Mal_rune",
                "tooltipString": "ÿc8@r23 = @r22×2 + @gsy",
                "sound": "",
            }
        },
        {
            "type": "ButtonWidget", "name": "Rune",
            "fields": {
                "rect": { "x": 480, "y": 240, "scale": 0.80  },
                "filename": "items\\misc\\rune\\Ist_rune",
                "tooltipString": "ÿc8@r24 = @r23×2 + @gsv",
                "sound": "",
            }
        },
        {
            "type": "ButtonWidget", "name": "Rune",
            "fields": {
                "rect": { "x": 560, "y": 240, "scale": 0.80  },
                "filename": "items\\misc\\rune\\Gul_rune",
                "tooltipString": "ÿc8@r25 = @r24×2 + @gsb",
                "sound": "",
            }
        },

        {
            "type": "ButtonWidget", "name": "Rune",
            "fields": {
                "rect": { "x": 0, "y": 320, "scale": 0.80 },
                "filename": "items\\misc\\rune\\Vex_rune",
                "tooltipString": "ÿc8@r26 = @r25×2 + @gsr",
                "sound": "",
            }
        },
        {
            "type": "ButtonWidget", "name": "Rune",
            "fields": {
                "rect": { "x": 80, "y": 320, "scale": 0.80  },
                "filename": "items\\misc\\rune\\Ohm_rune",
                "tooltipString": "ÿc8@r27 = @r26×2 + @gsg",
                "sound": "",
            }
        },
        {
            "type": "ButtonWidget", "name": "Rune",
            "fields": {
                "rect": { "x": 160, "y": 320, "scale": 0.80  },
                "filename": "items\\misc\\rune\\Lo_rune",
                "tooltipString": "ÿc8@r28 = @r27×2 + @gsw",
                "sound": "",
            }
        },
        {
            "type": "ButtonWidget", "name": "Rune",
            "fields": {
                "rect": { "x": 240, "y": 320, "scale": 0.80  },
                "filename": "items\\misc\\rune\\Sur_rune",
                "tooltipString": "ÿc8@r29 = @r28×2 + @gly",
                "sound": "",
            }
        },
        {
            "type": "ButtonWidget", "name": "Rune",
            "fields": {
                "rect": { "x": 320, "y": 320, "scale": 0.80  },
                "filename": "items\\misc\\rune\\Ber_rune",
                "tooltipString": "ÿc8@r30 = @r29×2 + @gzv",
                "sound": "",
            }
        },
        {
            "type": "ButtonWidget", "name": "Rune",
            "fields": {
                "rect": { "x": 400, "y": 320, "scale": 0.80  },
                "filename": "items\\misc\\rune\\Jah_rune",
                "tooltipString": "ÿc8@r31 = @r30×2 + @glb",
                "sound": "",
            }
        },
        {
            "type": "ButtonWidget", "name": "Rune",
            "fields": {
                "rect": { "x": 480, "y": 320, "scale": 0.80  },
                "filename": "items\\misc\\rune\\Cham_rune",
                "tooltipString": "ÿc8@r32 = @r31×2 + @glr",
                "sound": "",
            }
        },
        {
            "type": "ButtonWidget", "name": "Rune",
            "fields": {
                "rect": { "x": 560, "y": 320, "scale": 0.80  },
                "filename": "items\\misc\\rune\\zod_rune",
                "tooltipString": "ÿc8@r33 = @r32×2 + @glg",
                "sound": "",
            }
        },

                        {
                            "type": "TableRowWidget", "name": "Row Spacer",
                        },

                        {
                            "type": "TableRowWidget", "name": "Row Spacer",
                        },
                        {
                            "type": "TableRowWidget", "name": "Row Spacer",
                        },
                        {
                            "type": "TableRowWidget", "name": "Row Spacer",
                        },
                        {
                            "type": "TableRowWidget", "name": "Row Spacer",
                        },
                        {
                            "type": "TableRowWidget", "name": "Row Spacer",
                        },



                                {
                                    "type": "TextBoxWidget", "name": "ModInfoText343",
                                    "fields": {
                                        "text": "·装备升级·",
           	      	        "rect": { "x": 0, "y": 460,  },
                                        "style": {
    			    "fontColor": "$FontColorGold",
    			    "pointSize": "$MediumFontSize",
    			    "alignment": { "h": "left", "v": "center" },
                                                  }
                                   }                         
                                  },
                                {
                                   "type": "TextBoxWidget", "name": "Text",
            "fields": {
                "text": "【亮金防具升級】   普通級  =>  擴展級",
                "rect": { "x": 0, "y": 520 },
               "style": {
                                    "fontColor": "$FontColorYellow",
                                    "pointSize": "$SmallFontSize",
                          }
            }
        },
        {
            "type": "TextBoxWidget", "name": "Text",
            "fields": {
                "text": "【亮金防具升級】   擴展級  =>  精华級",
                "rect": { "x": 0, "y": 600 },
               "style": {
                                    "fontColor": "$FontColorYellow",
                                    "pointSize": "$SmallFontSize",
                          }
            }
        },
        {
            "type": "ButtonWidget", "name": "AdvancedStats",
            "fields": {
                "rect": { "x": 0, "y": 520, "width": 650, "height": 40},
                "tooltipString": "ÿc9普通  =>  擴展  ÿc8@r08 + @r10 + @gpv",
                "sound": "",
            },
        },
        {
            "type": "ButtonWidget", "name": "AdvancedStats",
            "fields": {
                "rect": { "x": 0, "y": 600, "width": 650, "height": 40},
                "tooltipString": "ÿc9擴展  =>  精华  ÿc8@r18 + @r21 + @gpv",
                "sound": "",
            },
        },

        {
            "type": "TextBoxWidget", "name": "Text",
            "fields": {
                "text": "【亮金武器升級】   普通級  =>  擴展級",
                "rect": { "x": 0, "y": 680 },
               "style": {
                                    "fontColor": "$FontColorYellow",
                                    "pointSize": "$SmallFontSize",
                          }
            }
        },
        {
            "type": "TextBoxWidget", "name": "Text",
            "fields": {
                "text": "【亮金武器升級】   擴展級  =>  精华級",
                "rect": { "x": 0, "y": 760 },
               "style": {
                                    "fontColor": "$FontColorYellow",
                                    "pointSize": "$SmallFontSize",
                          }
            }
        },
        {
            "type": "ButtonWidget", "name": "AdvancedStats",
            "fields": {
                "rect": { "x": 0, "y": 680, "width": 650, "height": 40},
                "tooltipString": "ÿc9普通  =>  擴展  ÿc8@r09 + @r11 + @gpb",
                "sound": "",
            },
        },
        {
            "type": "ButtonWidget", "name": "AdvancedStats",
            "fields": {
                "rect": { "x": 0, "y": 760, "width": 650, "height": 40},
                "tooltipString": "ÿc9擴展  =>  精华  ÿc8@r19 + @r22 + @gpb",
                "sound": "",
                                                   },
                                               },

                                {
                                   "type": "TextBoxWidget", "name": "Text",
            "fields": {
                "text": "【暗金防具升級】   普通級  =>  擴展級",
                "rect": { "x": 0, "y": 840 },
               "style": {
                                    "fontColor": "$FontColorGoldYellow",
                                    "pointSize": "$SmallFontSize",
                          }
            }
        },
        {
            "type": "TextBoxWidget", "name": "Text",
            "fields": {
                "text": "【暗金防具升級】   擴展級  =>  精华級",
                "rect": { "x": 0, "y": 920 },
               "style": {
                                    "fontColor": "$FontColorGoldYellow",
                                    "pointSize": "$SmallFontSize",
                          }
            }
        },
        {
            "type": "ButtonWidget", "name": "AdvancedStats",
            "fields": {
                "rect": { "x": 0, "y": 840, "width": 650, "height": 40},
                "tooltipString": "ÿc4普通  =>  擴展  ÿc8@r07+@r13+ @gpw",
                "sound": "",
            },
        },
        {
            "type": "ButtonWidget", "name": "AdvancedStats",
            "fields": {
                "rect": { "x": 0, "y": 920, "width": 650, "height": 40},
                "tooltipString": "ÿc4擴展  =>  精华  ÿc8@r18 + @r20 + @gpw",
                "sound": "",
            },
        },

        {
            "type": "TextBoxWidget", "name": "Text",
            "fields": {
                "text": "【暗金武器升級】   普通級  =>  擴展級",
                "rect": { "x": 0, "y": 1000 },
               "style": {
                                    "fontColor": "$FontColorGoldYellow",
                                    "pointSize": "$SmallFontSize",
                          }
            }
        },
        {
            "type": "TextBoxWidget", "name": "Text",
            "fields": {
                "text": "【暗金武器升級】   擴展級  =>  精华級",
                "rect": { "x": 0, "y": 1080 },
               "style": {
                                    "fontColor": "$FontColorGoldYellow",
                                    "pointSize": "$SmallFontSize",
                          }
            }
        },
        {
            "type": "ButtonWidget", "name": "AdvancedStats",
            "fields": {
                "rect": { "x": 0, "y": 1000, "width": 650, "height": 40},
                "tooltipString": "ÿc4普通  =>  擴展  ÿc8@r08 + @r12 + @gpg",
                "sound": "",
            },
        },
        {
            "type": "ButtonWidget", "name": "AdvancedStats",
            "fields": {
                "rect": { "x": 0, "y": 1080, "width": 650, "height": 40},
                "tooltipString": "ÿc4擴展  =>  精华  ÿc8@r17 + @r21 + @gpg",
                "sound": "",
              },
             },
              {
               "type": "TextBoxWidget", "name": "ModInfoText",
                "fields": {
               "text": "·橙装合成·",
               "rect": { "x": 0, "y": 1240,  },
               "style": {
    	            "fontColor": "$FontColorPartyOrange",
                            "pointSize": "$MediumFontSize",
                            "alignment": { "h": "left", "v": "center" },


                                                  },
                                    }
                                },
        {
            "type": "ImageWidget", "name": "Rune",
            "fields": {
                "rect": { "x": 0, "y": 1320, "scale": 0.87 },
                "filename": "PANEL\\message\\cz",
                "sound": "",
            }
        },
                                {
                                    "type": "TextBoxWidget", "name": "text",
                                    "fields": {
                                        "text": "  ",
           	      	        "rect": { "x": 0, "y": 6000,  },
                                        "style": {
                     		    "fontColor": "$FontColorWhite",
    			    "pointSize": "$MediumFontSize",
    			    "alignment": { "h": "left", "v": "center" },
                                                   },
                                               },
                                },







                    ]
                }
            ]
        },
    ]
}
