{
    "type": "SettingsPanel", "name": "ModSettingsPanel",
    "fields": {
        "priority": 9002,
        "fitToParent": true,
    },
    "children": [
        {
            "type": "RectangleWidget", "name": "Background",
            "fields": {
                "fitToScreen": true,
                "color": [ 0.0, 0.0, 0.0, 0.7 ]
            },
            "children": [
                {
                    "type": "ClickCatcherWidget", "name": "catcher",
                    "fields": {
                        "fitToParent": true
                    }
                },
				{
                    "type": "Widget", "name": "Anchor",
                    "fields": {
                        "anchor": { "x": 0.5, "y": 0.5 },
                        "rect": "$SettingsPanelAnchorRect",
                    },
                    "children": [
                        {
                            "type": "ImageWidget", "name": "Background",
                            "fields": {
                                "filename": "\\PANEL\\Options\\FrontEndOptionsBG",
                            },
                        },
                        {
                            "type": "TextBoxWidget", "name": "Title",
                            "fields": {
                                "rect": { "x": 0, "y": 45, "width": 1950, "height": 103 },
                                "text": "隔壁老王mod整合说明文本",
                                "style": "$StyleTitleBlock",
                            },
                        },
                        {
                            "type": "ButtonWidget", "name": "Close2",
                            "fields": {
                                "rect": { "x": 1868, "y": 8 },
                                "filename": "PANEL\\closebtn_4x",
                                "hoveredFrame": 3,
                                "onClickMessage": "PanelManager:ClosePanel:ModSettingsPanel",
                                "tooltipString": "@strClose",
                                "sound": "cursor_close_window_hd",
                                "acceptsEscKeyEverywhere": true,
                            },
                        },
                    ]
                },
            ]
        },
        {
            "type": "ImageWidget", "name": "SettingsBackground",
            "fields": {
                "rect": "$SettingsPanelBackgroundRect",
                "anchor": { "x": 0.5 },
                "filename": "Controller/Panel/Options/Panel_Options_BG",
            },
        },
        {
            "type": "TabBarWidget", "name": "OptionsTabs",
            "fields": {
                "rect": "$SettingsPanelTabsRect",
                "anchor": { "x": 0.5 },
                "tabCount": 4,
                "tabSize": { "x": 266, "y": 121, },
                "tabPadding": { "x": 2, "y": 0 },
                "unavailableTabsLeaveGaps": false,
                "tabSizingMethod": "fixedCenter",
                "filename": "Controller/Panel/Stash/V2/StashTabs",
                "inactiveFrames": [ 1, 1, 1, 1 ],
                "activeFrames": [ 0, 0, 0, 0 ],
                "activeTextColor": "$TabsActiveTextColor",
                "inactiveTextColor": "$TabsInactiveTextColor",
                "tabTextOffset": { "x": 0, "y": -4, },
                "textStyle": {
                    "options": { "lineWrap": true },
                    "pointSize": "$MediumFontSize",
                    "alignment": { "h": "center", "v": "center" },
                    "fontColor": "$FontColorWhite",
                    "spacing": {"leading":0.9, "kerning":0.95}
                },
                "textStrings": [ "Mod更改说明", "魔盒配方（待编辑）", "符文之语", "其他说明" ],
                "tabMessages": [
                    "SettingsPanelMessage:CheckChanges:ModInfoPanel",
                    "SettingsPanelMessage:CheckChanges:ModRecipesPanel",
                    "SettingsPanelMessage:CheckChanges:ModRunesPanel",
                    "SettingsPanelMessage:CheckChanges:ModMercenaryPanel",
                ],
            },
        },
        {
            "type": "TableWidget", "name": "ActionButtonsTable",
            "fields": {
                "anchor": {"x":0.5, "y": 0},
                "rect": { "x": -750, "y": 1800 },
                "columns": [
                    { "width": 500, "alignment": { "h": "center", "v": "center" } },
                    { "width": 500, "alignment": { "h": "center", "v": "center" } },
                    { "width": 500, "alignment": { "h": "center", "v": "center" } }
                ],
                "rowHeight": 120,
                "cellPadding": { "left": 0, "right": 0 }
            },
            "children": [
                {
                    "type": "TableRowWidget", "name": "RowCloseButton2",
                    "children": [
                        {
                            "type": "ButtonWidget", "name": "Close",
                            "fields": {
                                "filename": "FrontEnd\\HD\\Final\\FrontEnd_ButtonMed",
                                "onClickMessage": "PanelManager:ClosePanel:ModSettingsPanel",
                                "textString": "Close",
                                "hoveredFrame": 3,
                                "sound": "select",
                                "text/style" : "$StyleFEButtonText",
                                "pointSize": "$MediumLargeFontSize",
                                "textColor": "$FontColorLightRed",
                                "disabledFrame": 2, 
								"tooltipString": "@strClose",
								"sound": "cursor_close_window_hd",
								"acceptsEscKeyEverywhere": true,
								"action": "back"                         
                             }
                        }
                    ]
                }
            ]
        }
    ]
}
