{
    "type": "PlayerInventoryPanel", "name": "PlayerInventoryOriginalLayout",
    "fields": {
        "rect": "$RightPanelRect",
        "anchor": "$RightPanelAnchor",
    },
    "children": [
        {
            "type": "ClickCatcherWidget", "name": "click_catcher",
            "fields": {
                "rect": "$PanelClickCatcherRect"
            },
        },
        {
            "type": "ImageWidget", "name": "background",
            "fields": {
                "filename": "PANEL\\Inventory\\Classic_Background"
            },
        },
        {
            "type": "ImageWidget", "name": "RightHinge",
            "fields": {
                "rect": "$RightHingeRect",
                "filename": "$RightHingeSprite"
            },
        },
        {
            "type": "TextBoxWidget", "name": "title",
            "fields": {
                "rect": "$InGamePanelTitleRect",
                "style": "$StyleTitleBlock",
                "text": "@strpanel4",
            },
        },
        {
            "type": "TextBoxWidget", "name": "gold_amount",
            "fields": {
                "rect": { "x": 160, "y": 75, "width": 249, "height": 48 },
                "style": "$StyleGoldAmount",
            },
            "children": [
                {
                    "type": "FocusableWidget", "name": "gold_amount_tooltip",
                    "fields": {
                        "fitToParent": true,
                        "tooltipStyle": "$TooltipStyle",
                    },
                }
            ]
        },
        {
            "type": "ButtonWidget", "name": "gold_button",
            "fields": {
                "rect": { "x": 100, "y": 75 },
                "filename": "PANEL\\GoldButton",
                "hoveredFrame": 3,
                "tooltipString": "@strGoldDrop",
                "onClickMessage": "PlayerInventoryPanelMessage:DropGold",
            },
        },
        {
            "type": "ButtonWidget", "name": "close",
            "fields": {
                "rect": { "x": 1075, "y": 9 },
                "filename": "PANEL\\closebtn_4x",
                "hoveredFrame": 3,
                "tooltipString": "@strClose",
                "sound": "cursor_close_window_hd",
                "onClickMessage": "PlayerInventoryPanelMessage:Close",
            },
        },
        {
            "type": "InventoryGridWidget", "name": "grid",
            "fields": {
                "rect": { "x": 91, "y": 900 , "scale": 0.666},
                "cellCount": { "x": 15, "y": 8 },
                "cellSize": "$ItemCellSize",
                "gemSocketFilename": "PANEL\\gemsocket",
            },
        },
        {
            "type": "InventorySlotWidget", "name": "slot_head",
            "fields": {
                "rect": { "x": 482, "y": 185, "width": 196, "height": 196 },
                "cellSize": "$ItemCellSize",
                "location": "head",
                "gemSocketFilename": "PANEL\\gemsocket",
                "backgroundFilename": "PANEL\\Inventory\\Inventory_Paperdoll_HeadArmor",
            }
        },
        {
            "type": "InventorySlotWidget", "name": "slot_neck",
            "fields": {
                "rect": { "x": 718, "y": 353, "width": 98, "height": 98 },
                "cellSize": "$ItemCellSize",
                "location": "neck",
                "backgroundFilename": "PANEL\\Inventory\\Inventory_Paperdoll_Amulet",
            }
        },
        {
            "type": "InventorySlotWidget", "name": "slot_torso",
            "fields": {
                "rect": { "x": 482, "y": 428, "width": 196, "height": 294 },
                "cellSize": "$ItemCellSize",
                "location": "torso",
                "gemSocketFilename": "PANEL\\gemsocket",
                "backgroundFilename": "PANEL\\Inventory\\Inventory_Paperdoll_ChestArmor",
            }
        },
        {
            "type": "InventorySlotWidget", "name": "slot_right_arm",
            "fields": {
                "rect": { "x": 108, "y": 232, "width": 196, "height": 392 },
                "cellSize": "$ItemCellSize",
                "location": "right_arm",
                "gemSocketFilename": "PANEL\\gemsocket",
                "backgroundFilename": "PANEL\\Inventory\\Inventory_Paperdoll_Weapon",
            }
        },
        {
            "type": "InventorySlotWidget", "name": "slot_left_arm",
            "fields": {
                "rect": { "x": 860, "y": 232, "width": 196, "height": 392 },
                "cellSize": "$ItemCellSize",
                "location": "left_arm",
                "gemSocketFilename": "PANEL\\gemsocket",
                "backgroundFilename": "PANEL\\Inventory\\Inventory_Paperdoll_Weapon",
            }
        },
        {
            "type": "InventorySlotWidget", "name": "slot_right_hand",
            "fields": {
                "rect": { "x": 344, "y": 770, "width": 98, "height": 98 },
                "cellSize": "$ItemCellSize",
                "location": "right_hand",
                "backgroundFilename": "PANEL\\Inventory\\Inventory_Paperdoll_Ring",
            }
        },
        {
            "type": "InventorySlotWidget", "name": "slot_left_hand",
            "fields": {
                "rect": { "x": 718, "y": 770, "width": 98, "height": 98 },
                "cellSize": "$ItemCellSize",
                "location": "left_hand",
                "backgroundFilename": "PANEL\\Inventory\\Inventory_Paperdoll_Ring",
            }
        },
        {
            "type": "InventorySlotWidget", "name": "slot_belt",
            "fields": {
                "rect": { "x": 483, "y": 769, "width": 196, "height": 98 },
                "cellSize": "$ItemCellSize",
                "location": "belt",
                "backgroundFilename": "PANEL\\Inventory\\Inventory_Paperdoll_Belt",
            }
        },
        {
            "type": "InventorySlotWidget", "name": "slot_feet",
            "fields": {
                "rect": { "x": 859, "y": 672, "width": 196, "height": 196 },
                "cellSize": "$ItemCellSize",
                "location": "feet",
                "backgroundFilename": "PANEL\\Inventory\\Inventory_Paperdoll_Boots",
            }
        },
        {
            "type": "InventorySlotWidget", "name": "slot_gloves",
            "fields": {
                "rect": { "x": 107, "y": 672, "width": 196, "height": 196 },
                "cellSize": "$ItemCellSize",
                "location": "gloves",
                "backgroundFilename": "PANEL\\Inventory\\Inventory_Paperdoll_Glove",
            }
        },
    ]
}
