{
  "dependencies": {
    "particles": [],
    "models": [ { "path": "data/hd/items/dropped_items/hawk_helm.model" } ],
    "skeletons": [ { "path": "data/hd/items/dropped_items/skeleton/dropped_items_pelt.skeleton" } ],
    "animations": [],
    "textures": [
      { "path": "data/hd/character/common/common_fur_FLOW.texture" },
      { "path": "data/hd/character/common/common_fur_HRT.texture" },
      { "path": "data/hd/items/armor/pelt/hawk_helm/textures/hawk_helm_alb.texture" },
      { "path": "data/hd/items/armor/pelt/hawk_helm/textures/hawk_helm_fur_ALB.texture" },
      { "path": "data/hd/items/armor/pelt/hawk_helm/textures/Hawk_helm_mask.texture" },
      { "path": "data/hd/items/armor/pelt/hawk_helm/textures/hawk_helm_nrm.texture" },
      { "path": "data/hd/items/armor/pelt/hawk_helm/textures/hawk_helm_orm.texture" },
      { "path": "data/hd/items/armor/pelt/hawk_helm/textures/Hawkhelm_fur_mask.texture" }
    ],
    "physics": [],
    "json": [ { "path": "data/hd/items/dropped_items/dropped_items_pelts_flip_ant.json" } ],
    "variantdata": [],
    "objecteffects": [],
    "other": []
  },
  "type": "UnitDefinition",
  "name": "hawk_helm",
  "entities": [
    {
      "type": "Entity",
      "name": "entity_root",
      "id": 1271910075,
      "components": [
        {
          "type": "UnitRootComponent",
          "name": "component_root",
          "state_machine_filename": "data/hd/items/dropped_items/dropped_items_pelts_flip_ant.json",
          "doNotInheritRotation": false,
          "rotationOverride": {
            "x": 0.0,
            "y": 0.3826834,
            "z": 0.0,
            "w": 0.9238795
          },
          "doNotUseHDHeight": false,
          "hideAllMeshWhenInOpenedMode": false,
          "onCreateEventName": "",
          "animations": []
        },
        {
          "type": "SkeletonDefinitionComponent",
          "name": "component_skeleton",
          "filename": "data/hd/items/dropped_items/skeleton/dropped_items_pelt.skeleton"
        },
        {
          "type": "ChangeMeshLayersOnAttachComponent",
          "name": "entity_root_ChangeMeshLayersOnAttach",
          "defaultLayerChange": {
            "type": "MeshLayerChange",
            "name": "entity_root_ChangeMeshLayersOnAttach_defaultLayerChange",
            "layersToHide": 32,
            "layersToShow": 32
          },
          "playerClassOverrides": {}
        },
        {
          "type": "OverrideAttachmentTransformComponent",
          "name": "entity_root_OverrideAttachmentTransform",
          "playerClassTransforms": {
            "2": {
              "type": "Transform",
              "name": "entity_root_OverrideAttachmentTransform_playerClassTransforms_Necromancer",
              "scale": {
                "x": 0.0,
                "y": 0.0,
                "z": 0.0
              }
            },
            "3": {
              "type": "Transform",
              "name": "entity_root_OverrideAttachmentTransform_playerClassTransforms_Paladin",
              "scale": {
                "x": 0.0,
                "y": 0.0,
                "z": 0.0
              }
            },
            "6": {
              "type": "Transform",
              "name": "entity_root_OverrideAttachmentTransform_playerClassTransforms_Assassin",
              "scale": {
                "x": 0.0,
                "y": 0.0,
                "z": 0.0
              }
            },
            "4": {
              "type": "Transform",
              "name": "entity_root_OverrideAttachmentTransform_playerClassTransforms_Barbarian",
              "scale": {
                "x": 0.0,
                "y": 0.0,
                "z": 0.0
              }
            },
            "1": {
              "type": "Transform",
              "name": "entity_root_OverrideAttachmentTransform_playerClassTransforms_Sorceress",
              "scale": {
                "x": 0.0,
                "y": 0.0,
                "z": 0.0
              }
            },
            "5": {
              "type": "Transform",
              "name": "entity_root_OverrideAttachmentTransform_playerClassTransforms_Druid",
              "scale": {
                "x": 0.0,
                "y": 0.0,
                "z": 0.0
              }
            },
            "0": {
              "type": "Transform",
              "name": "entity_root_OverrideAttachmentTransform_playerClassTransforms_Amazon",
              "scale": {
                "x": 0.0,
                "y": 0.0,
                "z": 0.0
              }
            }
          }
        }
      ]
    },
    {
      "type": "Entity",
      "name": "entity_model",
      "id": 3841411686,
      "components": [
        {
          "type": "ModelDefinitionComponent",
          "name": "component_model_hawk_helm",
          "filename": "data/hd/items/dropped_items/hawk_helm.model",
          "visibleLayers": 1,
          "lightMask": 19,
          "shadowMask": 3,
          "ghostShadows": false,
          "floorModel": false,
          "terrainBlendEnableYUpBlend": false,
          "terrainBlendMode": 1
        }
      ]
    }
  ]
}