{
  "dependencies": {
    "particles": [
      {
        "path": "data/hd/vfx/particles/objects/waypoint_portals/arcane_sanctuary_portal/vfx_ArcanePortal.particles"
      },
      {
        "path": "data/hd/vfx/particles/overlays/object/horadric_light/FX_Horadric_Light.particles"
      },
      {
        "path": "data/hd/vfx/particles/overlays/object/horadric_light/FX_Horadric_Light.particles"
      }
    ],
    "models": [
      {
        "path": "data/hd/objects/waypoint_portals/arcane_sanctuary_portal/model/special1.model"
      },
      {
        "path": "data/hd/objects/waypoint_portals/arcane_sanctuary_portal/model/special2.model"
      },
      {
        "path": "data/hd/objects/waypoint_portals/arcane_sanctuary_portal/model/torso.model"
      },
      {
        "path": "data/hd/vfx/meshes/fx_mesh_waypoint_portal_interior_flow_02.model"
      }
    ],
    "skeletons": [
      {
        "path": "data/hd/objects/waypoint_portals/arcane_sanctuary_portal/skeleton/arcane_sanctuary_portal.skeleton"
      }
    ],
    "animations": [],
    "textures": [
      {
        "path": "data/hd/objects/waypoint_portals/arcane_sanctuary_portal/texture/arcane_sanctuary_portal_alb.texture"
      },
      {
        "path": "data/hd/objects/waypoint_portals/arcane_sanctuary_portal/texture/arcane_sanctuary_portal_nrm.texture"
      },
      {
        "path": "data/hd/objects/waypoint_portals/arcane_sanctuary_portal/texture/arcane_sanctuary_portal_orm.texture"
      },
      {
        "path": "data/hd/vfx/textures/gradient/T_FX_Linear_Gradient_Mirrored_Horizontal_Imbalanced_02.texture"
      }
    ],
    "physics": [],
    "json": [
      {
        "path": "data/hd/objects/waypoint_portals/arcane_sanctuary_portal/arcane_sanctuary_portal_state_machine.json"
      }
    ],
    "variantdata": [],
    "objecteffects": [],
    "other": []
  },
  "type": "UnitDefinition",
  "name": "arcane_sanctuary_portal",
  "entities": [
    {
      "type": "Entity",
      "name": "entity_root",
      "id": 1872464065,
      "components": [
        {
          "type": "UnitRootComponent",
          "name": "component_root",
          "state_machine_filename": "data/hd/objects/waypoint_portals/arcane_sanctuary_portal/arcane_sanctuary_portal_state_machine.json",
          "doNotInheritRotation": false,
          "rotationOverride": {
            "x": 0.0,
            "y": 0.3826834,
            "z": 0.0,
            "w": 0.9238795
          },
          "doNotUseHDHeight": false,
          "hideAllMeshWhenInOpenedMode": false,
          "onCreateEventName": "",
          "animations": []
        },
        {
          "type": "SkeletonDefinitionComponent",
          "name": "component_skeleton",
          "filename": "data/hd/objects/waypoint_portals/arcane_sanctuary_portal/skeleton/arcane_sanctuary_portal.skeleton"
        },
        {
          "type": "VfxDefinitionComponent",
          "name": "entity_root_VfxDefinition",
          "filename": "data/hd/vfx/particles/objects/waypoint_portals/arcane_sanctuary_portal/vfx_ArcanePortal.particles",
          "hardKillOnDestroy": false
        }
      ]
    },
    {
      "type": "Entity",
      "name": "entity_torso",
      "id": 4132266943,
      "components": [
        {
          "type": "UnitPartComponent",
          "name": "component_part_torso",
          "part": "torso",
          "variant": "lit"
        },
        {
          "type": "ModelDefinitionComponent",
          "name": "component_model_torso",
          "filename": "data/hd/objects/waypoint_portals/arcane_sanctuary_portal/model/torso.model",
          "visibleLayers": 1,
          "lightMask": 19,
          "shadowMask": 3,
          "ghostShadows": false,
          "floorModel": false,
          "terrainBlendEnableYUpBlend": false,
          "terrainBlendMode": 1
        }
      ]
    },
    {
      "type": "Entity",
      "name": "entity_special1",
      "id": 2727787898,
      "components": [
        {
          "type": "UnitPartComponent",
          "name": "component_part_special1",
          "part": "special1",
          "variant": "lit"
        },
        {
          "type": "ModelDefinitionComponent",
          "name": "component_model_special1",
          "filename": "data/hd/objects/waypoint_portals/arcane_sanctuary_portal/model/special1.model",
          "visibleLayers": 1,
          "lightMask": 19,
          "shadowMask": 3,
          "ghostShadows": false,
          "floorModel": false,
          "terrainBlendEnableYUpBlend": false,
          "terrainBlendMode": 1
        }
      ]
    },
    {
      "type": "Entity",
      "name": "entity_special2",
      "id": 3599954226,
      "components": [
        {
          "type": "UnitPartComponent",
          "name": "component_part_special2",
          "part": "special2",
          "variant": "lit"
        },
        {
          "type": "ModelDefinitionComponent",
          "name": "component_model_special2",
          "filename": "data/hd/objects/waypoint_portals/arcane_sanctuary_portal/model/special2.model",
          "visibleLayers": 1,
          "lightMask": 19,
          "shadowMask": 3,
          "ghostShadows": false,
          "floorModel": false,
          "terrainBlendEnableYUpBlend": false,
          "terrainBlendMode": 1
        }
      ]
    },
    {
      "type": "Entity",
      "name": "entity_root",
      "id": 2101618603,
      "components": [
        {
          "type": "VfxDefinitionComponent",
          "name": "entity_root_VfxDefinition",
          "filename": "data/hd/vfx/particles/overlays/object/horadric_light/FX_Horadric_Light.particles",
          "hardKillOnDestroy": false
        }
      ]
    },
    {
      "type": "Entity",
      "name": "entity_root",
      "id": 2101618603,
      "components": [
        {
          "type": "VfxDefinitionComponent",
          "name": "entity_root_VfxDefinition",
          "filename": "data/hd/vfx/particles/overlays/object/horadric_light/FX_Horadric_Light.particles",
          "hardKillOnDestroy": false
        }
      ]
    },
    {
      "type": "Entity",
      "name": "entity_root",
      "id": 2101618603,
      "components": [
        {
          "type": "VfxDefinitionComponent",
          "name": "entity_root_VfxDefinition",
          "filename": "data/hd/vfx/particles/overlays/object/horadric_light/FX_Horadric_Light.particles",
          "hardKillOnDestroy": false
        }
      ]
    },
    {
      "type": "Entity",
      "name": "entity_root",
      "id": 2101618603,
      "components": [
        {
          "type": "VfxDefinitionComponent",
          "name": "entity_root_VfxDefinition",
          "filename": "data/hd/vfx/particles/overlays/object/horadric_light/FX_Horadric_Light.particles",
          "hardKillOnDestroy": false
        }
      ]
    },
    {
      "type": "Entity",
      "name": "entity_root",
      "id": 2101618603,
      "components": [
        {
          "type": "VfxDefinitionComponent",
          "name": "entity_root_VfxDefinition",
          "filename": "data/hd/vfx/particles/overlays/object/horadric_light/FX_Horadric_Light.particles",
          "hardKillOnDestroy": false
        }
      ]
    }
  ]
}
