{
  "dependencies": {
    "particles": [
      {
        "path": "data/hd/vfx/particles/objects/waypoint_portals/Waypoint_Fire/vfx_waypoint_Fire.particles"
      },
      {
        "path": "data/hd/vfx/particles/overlays/object/horadric_light/FX_Horadric_Light.particles"
      },
      {
        "path": "data/hd/vfx/particles/overlays/object/horadric_light/FX_Horadric_Light.particles"
      }
    ],
    "models": [
      {
        "path": "data/hd/objects/waypoint_portals/sewer_waypoint/model/special1.model"
      },
      {
        "path": "data/hd/objects/waypoint_portals/sewer_waypoint/model/torso.model"
      },
      { "path": "data/hd/vfx/meshes/fx_mesh_fireballVertPaint.model" }
    ],
    "skeletons": [
      {
        "path": "data/hd/objects/waypoint_portals/sewer_waypoint/skeleton/sewer_waypoint.skeleton"
      }
    ],
    "animations": [],
    "textures": [
      {
        "path": "data/hd/objects/waypoint_portals/sewer_waypoint/texture/sewer_waypoint_alb.texture"
      },
      {
        "path": "data/hd/objects/waypoint_portals/sewer_waypoint/texture/sewer_waypoint_nrm.texture"
      },
      {
        "path": "data/hd/objects/waypoint_portals/sewer_waypoint/texture/sewer_waypoint_orm.texture"
      },
      {
        "path": "data/hd/vfx/textures/noise/T_FX_perlin_noise_bigger_02.texture"
      }
    ],
    "physics": [],
    "json": [
      {
        "path": "data/hd/objects/waypoint_portals/sewer_waypoint/sewer_waypoint_state_machine.json"
      }
    ],
    "variantdata": [],
    "objecteffects": [],
    "other": []
  },
  "type": "UnitDefinition",
  "name": "sewer_waypoint",
  "entities": [
    {
      "type": "Entity",
      "name": "entity_root",
      "id": 3501646850,
      "components": [
        {
          "type": "UnitRootComponent",
          "name": "component_root",
          "state_machine_filename": "data/hd/objects/waypoint_portals/sewer_waypoint/sewer_waypoint_state_machine.json",
          "doNotInheritRotation": false,
          "rotationOverride": {
            "x": 0.0,
            "y": 0.3826834,
            "z": 0.0,
            "w": 0.9238795
          },
          "doNotUseHDHeight": false,
          "hideAllMeshWhenInOpenedMode": false,
          "onCreateEventName": "",
          "animations": []
        },
        {
          "type": "SkeletonDefinitionComponent",
          "name": "component_skeleton",
          "filename": "data/hd/objects/waypoint_portals/sewer_waypoint/skeleton/sewer_waypoint.skeleton"
        }
      ]
    },
    {
      "type": "Entity",
      "name": "entity_torso",
      "id": 934038898,
      "components": [
        {
          "type": "UnitPartComponent",
          "name": "component_part_torso",
          "part": "torso",
          "variant": "lit"
        },
        {
          "type": "ModelDefinitionComponent",
          "name": "component_model_torso",
          "filename": "data/hd/objects/waypoint_portals/sewer_waypoint/model/torso.model",
          "visibleLayers": 1,
          "lightMask": 19,
          "shadowMask": 3,
          "ghostShadows": false,
          "floorModel": false,
          "terrainBlendEnableYUpBlend": false,
          "terrainBlendMode": 1
        }
      ]
    },
    {
      "type": "Entity",
      "name": "entity_special1",
      "id": 78715066,
      "components": [
        {
          "type": "UnitPartComponent",
          "name": "component_part_special1",
          "part": "special1",
          "variant": "lit"
        },
        {
          "type": "ModelDefinitionComponent",
          "name": "component_model_special1",
          "filename": "data/hd/objects/waypoint_portals/sewer_waypoint/model/special1.model",
          "visibleLayers": 1,
          "lightMask": 19,
          "shadowMask": 3,
          "ghostShadows": false,
          "floorModel": false,
          "terrainBlendEnableYUpBlend": false,
          "terrainBlendMode": 1
        }
      ]
    },
    {
      "type": "Entity",
      "name": "FireRight",
      "id": 1668075448,
      "components": [
        {
          "type": "VfxDefinitionComponent",
          "name": "FireRight_VfxDefinition",
          "filename": "data/hd/vfx/particles/objects/waypoint_portals/Waypoint_Fire/vfx_waypoint_Fire.particles",
          "hardKillOnDestroy": false
        },
        {
          "type": "TransformDefinitionComponent",
          "name": "FireRight_TransformDefinition",
          "position": { "x": 4.1, "y": 1.25, "z": -3.0 },
          "orientation": { "x": 0.0, "y": 0.0, "z": 0.0, "w": 1.0 },
          "scale": { "x": 1.0, "y": 1.0, "z": 1.0 },
          "inheritOnlyPosition": false
        }
      ]
    },
    {
      "type": "Entity",
      "name": "FirdLeft",
      "id": 418735170,
      "components": [
        {
          "type": "VfxDefinitionComponent",
          "name": "FirdLeft_VfxDefinition",
          "filename": "data/hd/vfx/particles/objects/waypoint_portals/Waypoint_Fire/vfx_waypoint_Fire.particles",
          "hardKillOnDestroy": false
        },
        {
          "type": "TransformDefinitionComponent",
          "name": "FirdLeft_TransformDefinition",
          "position": { "x": -2.5, "y": 1.25, "z": 4.2 },
          "orientation": { "x": 0.0, "y": 0.0, "z": 0.0, "w": 1.0 },
          "scale": { "x": 1.0, "y": 1.0, "z": 1.0 },
          "inheritOnlyPosition": false
        }
      ]
    },
    {
      "type": "Entity",
      "name": "entity_root",
      "id": 2101618603,
      "components": [
        {
          "type": "VfxDefinitionComponent",
          "name": "entity_root_VfxDefinition",
          "filename": "data/hd/vfx/particles/overlays/object/horadric_light/FX_Horadric_Light.particles",
          "hardKillOnDestroy": false
        }
      ]
    },
    {
      "type": "Entity",
      "name": "entity_root",
      "id": 2101618603,
      "components": [
        {
          "type": "VfxDefinitionComponent",
          "name": "entity_root_VfxDefinition",
          "filename": "data/hd/vfx/particles/overlays/object/horadric_light/FX_Horadric_Light.particles",
          "hardKillOnDestroy": false
        }
      ]
    },
    {
      "type": "Entity",
      "name": "entity_root",
      "id": 2101618603,
      "components": [
        {
          "type": "VfxDefinitionComponent",
          "name": "entity_root_VfxDefinition",
          "filename": "data/hd/vfx/particles/overlays/object/horadric_light/FX_Horadric_Light.particles",
          "hardKillOnDestroy": false
        }
      ]
    },
    {
      "type": "Entity",
      "name": "entity_root",
      "id": 2101618603,
      "components": [
        {
          "type": "VfxDefinitionComponent",
          "name": "entity_root_VfxDefinition",
          "filename": "data/hd/vfx/particles/overlays/object/horadric_light/FX_Horadric_Light.particles",
          "hardKillOnDestroy": false
        }
      ]
    },
    {
      "type": "Entity",
      "name": "entity_root",
      "id": 2101618603,
      "components": [
        {
          "type": "VfxDefinitionComponent",
          "name": "entity_root_VfxDefinition",
          "filename": "data/hd/vfx/particles/overlays/object/horadric_light/FX_Horadric_Light.particles",
          "hardKillOnDestroy": false
        }
      ]
    }
  ]
}
