{
  "dependencies": {
    "particles": [
      {
        "path": "data/hd/vfx/particles/objects/waypoint_portals/Waypoint_Fire/vfx_waypoint_Fire.particles"
      },
      {
        "path": "data/hd/vfx/particles/overlays/object/horadric_light/FX_Horadric_Light.particles"
      },
      {
        "path": "data/hd/vfx/particles/overlays/object/horadric_light/FX_Horadric_Light.particles"
      }
    ],
    "models": [
      {
        "path": "data/hd/objects/waypoint_portals/waypoint_baal/model/special1.model"
      },
      {
        "path": "data/hd/objects/waypoint_portals/waypoint_baal/model/torso.model"
      },
      { "path": "data/hd/vfx/meshes/fx_mesh_fireballVertPaint.model" }
    ],
    "skeletons": [
      {
        "path": "data/hd/objects/waypoint_portals/waypoint_baal/skeleton/waypoint_baal.skeleton"
      }
    ],
    "animations": [],
    "textures": [
      {
        "path": "data/hd/objects/waypoint_portals/waypoint_baal/texture/waypoint_baal_alb.texture"
      },
      {
        "path": "data/hd/objects/waypoint_portals/waypoint_baal/texture/waypoint_baal_nrm.texture"
      },
      {
        "path": "data/hd/objects/waypoint_portals/waypoint_baal/texture/waypoint_baal_orm.texture"
      },
      {
        "path": "data/hd/vfx/textures/noise/T_FX_perlin_noise_bigger_02.texture"
      }
    ],
    "physics": [],
    "json": [
      {
        "path": "data/hd/objects/waypoint_portals/waypoint_baal/waypoint_baal_state_machine.json"
      }
    ],
    "variantdata": [],
    "objecteffects": [],
    "other": []
  },
  "type": "UnitDefinition",
  "name": "waypoint_baal",
  "entities": [
    {
      "type": "Entity",
      "name": "entity_root",
      "id": 2964457080,
      "components": [
        {
          "type": "UnitRootComponent",
          "name": "component_root",
          "state_machine_filename": "data/hd/objects/waypoint_portals/waypoint_baal/waypoint_baal_state_machine.json",
          "doNotInheritRotation": false,
          "rotationOverride": {
            "x": 0.0,
            "y": 0.3826834,
            "z": 0.0,
            "w": 0.9238795
          },
          "doNotUseHDHeight": false,
          "hideAllMeshWhenInOpenedMode": false,
          "onCreateEventName": "",
          "animations": []
        },
        {
          "type": "SkeletonDefinitionComponent",
          "name": "component_skeleton",
          "filename": "data/hd/objects/waypoint_portals/waypoint_baal/skeleton/waypoint_baal.skeleton"
        }
      ]
    },
    {
      "type": "Entity",
      "name": "entity_torso",
      "id": 73968830,
      "components": [
        {
          "type": "UnitPartComponent",
          "name": "component_part_torso",
          "part": "torso",
          "variant": "lit"
        },
        {
          "type": "ModelDefinitionComponent",
          "name": "component_model_torso",
          "filename": "data/hd/objects/waypoint_portals/waypoint_baal/model/torso.model",
          "visibleLayers": 1,
          "lightMask": 19,
          "shadowMask": 3,
          "ghostShadows": false,
          "floorModel": false,
          "terrainBlendEnableYUpBlend": false,
          "terrainBlendMode": 1
        }
      ]
    },
    {
      "type": "Entity",
      "name": "entity_special1",
      "id": 3496834821,
      "components": [
        {
          "type": "UnitPartComponent",
          "name": "component_part_special1",
          "part": "special1",
          "variant": "lit"
        },
        {
          "type": "ModelDefinitionComponent",
          "name": "component_model_special1",
          "filename": "data/hd/objects/waypoint_portals/waypoint_baal/model/special1.model",
          "visibleLayers": 1,
          "lightMask": 19,
          "shadowMask": 3,
          "ghostShadows": false,
          "floorModel": false,
          "terrainBlendEnableYUpBlend": false,
          "terrainBlendMode": 1
        }
      ]
    },
    {
      "type": "Entity",
      "name": "FireRight",
      "id": 1402114183,
      "components": [
        {
          "type": "VfxDefinitionComponent",
          "name": "new_entity_VfxDefinition",
          "filename": "data/hd/vfx/particles/objects/waypoint_portals/Waypoint_Fire/vfx_waypoint_Fire.particles",
          "hardKillOnDestroy": false
        },
        {
          "type": "TransformDefinitionComponent",
          "name": "new_entity_TransformDefinition",
          "position": { "x": 0.0, "y": 1.85, "z": -5.3 },
          "orientation": { "x": 0.0, "y": 0.0, "z": 0.0, "w": 1.0 },
          "scale": { "x": 1.0, "y": 1.0, "z": 1.0 },
          "inheritOnlyPosition": false
        }
      ]
    },
    {
      "type": "Entity",
      "name": "FireLeft",
      "id": 869046091,
      "components": [
        {
          "type": "VfxDefinitionComponent",
          "name": "FireLeft_VfxDefinition",
          "filename": "data/hd/vfx/particles/objects/waypoint_portals/Waypoint_Fire/vfx_waypoint_Fire.particles",
          "hardKillOnDestroy": false
        },
        {
          "type": "TransformDefinitionComponent",
          "name": "FireLeft_TransformDefinition",
          "position": { "x": 0.0, "y": 1.85, "z": 6.7 },
          "orientation": { "x": 0.0, "y": 0.0, "z": 0.0, "w": 1.0 },
          "scale": { "x": 1.0, "y": 1.0, "z": 1.0 },
          "inheritOnlyPosition": false
        }
      ]
    },
    {
      "type": "Entity",
      "name": "entity_root",
      "id": 2101618603,
      "components": [
        {
          "type": "VfxDefinitionComponent",
          "name": "entity_root_VfxDefinition",
          "filename": "data/hd/vfx/particles/overlays/object/horadric_light/FX_Horadric_Light.particles",
          "hardKillOnDestroy": false
        }
      ]
    },
    {
      "type": "Entity",
      "name": "entity_root",
      "id": 2101618603,
      "components": [
        {
          "type": "VfxDefinitionComponent",
          "name": "entity_root_VfxDefinition",
          "filename": "data/hd/vfx/particles/overlays/object/horadric_light/FX_Horadric_Light.particles",
          "hardKillOnDestroy": false
        }
      ]
    },
    {
      "type": "Entity",
      "name": "entity_root",
      "id": 2101618603,
      "components": [
        {
          "type": "VfxDefinitionComponent",
          "name": "entity_root_VfxDefinition",
          "filename": "data/hd/vfx/particles/overlays/object/horadric_light/FX_Horadric_Light.particles",
          "hardKillOnDestroy": false
        }
      ]
    },
    {
      "type": "Entity",
      "name": "entity_root",
      "id": 2101618603,
      "components": [
        {
          "type": "VfxDefinitionComponent",
          "name": "entity_root_VfxDefinition",
          "filename": "data/hd/vfx/particles/overlays/object/horadric_light/FX_Horadric_Light.particles",
          "hardKillOnDestroy": false
        }
      ]
    },
    {
      "type": "Entity",
      "name": "entity_root",
      "id": 2101618603,
      "components": [
        {
          "type": "VfxDefinitionComponent",
          "name": "entity_root_VfxDefinition",
          "filename": "data/hd/vfx/particles/overlays/object/horadric_light/FX_Horadric_Light.particles",
          "hardKillOnDestroy": false
        }
      ]
    }
  ]
}
