[
  { "the_gnasher": {
  "normal": "axe/the_gnasher",
  "uber": "axe/the_gnasher",
  "ultra": "axe/the_gnasher"
} },
  { "deathspade": {
  "normal": "axe/deathspade",
  "uber": "axe/deathspade",
  "ultra": "axe/deathspade"
} },
  { "bladebone": {
  "normal": "axe/double_axe",
  "uber": "axe/double_axe",
  "ultra": "axe/double_axe"
} },
  { "mindrend": {
  "normal": "axe/mindrend",
  "uber": "axe/mindrend",
  "ultra": "axe/mindrend"
} },
  { "rakescar": {
  "normal": "axe/war_axe",
  "uber": "axe/war_axe",
  "ultra": "axe/war_axe"
} },
  { "fechmars_axe": {
  "normal": "axe/large_axe",
  "uber": "axe/large_axe",
  "ultra": "axe/large_axe"
} },
  { "goreshovel": {
  "normal": "axe/broad_axe",
  "uber": "axe/broad_axe",
  "ultra": "axe/broad_axe"
} },
  { "the_chieftan": {
  "normal": "axe/the_chieftan",
  "uber": "axe/the_chieftan",
  "ultra": "axe/the_chieftan"
} },
  { "brainhew": {
  "normal": "axe/brainhew",
  "uber": "axe/brainhew",
  "ultra": "axe/brainhew"
} },
  { "the_humongous": {
  "normal": "axe/giant_axe",
  "uber": "axe/the_minataur",
  "ultra": "axe/giant_axe"
} },
  { "iros_torch": {
  "normal": "wand/iros_torch",
  "uber": "wand/iros_torch",
  "ultra": "wand/iros_torch"
} },
  { "maelstromwrath": {
  "normal": "wand/yew_wand",
  "uber": "wand/yew_wand",
  "ultra": "wand/yew_wand"
} },
  { "gravenspine": {
  "normal": "wand/gravenspine",
  "uber": "wand/gravenspine",
  "ultra": "wand/gravenspine"
} },
  { "umes_lament": {
  "normal": "wand/grim_wand",
  "uber": "wand/blackhand_key",
  "ultra": "wand/grim_wand"
} },
  { "felloak": {
  "normal": "club/felloak",
  "uber": "club/felloak",
  "ultra": "club/felloak"
} },
  { "knell_striker": {
  "normal": "scepter/scepter",
  "uber": "scepter/scepter",
  "ultra": "scepter/scepter"
} },
  { "rusthandle": {
  "normal": "scepter/grand_scepter",
  "uber": "scepter/grand_scepter",
  "ultra": "scepter/grand_scepter"
} },
  { "stormeye": {
  "normal": "scepter/war_scepter",
  "uber": "scepter/war_scepter",
  "ultra": "scepter/war_scepter"
} },
  { "stoutnail": {
  "normal": "club/stoutnail",
  "uber": "club/stoutnail",
  "ultra": "club/stoutnail"
} },
  { "crushflange": {
  "normal": "mace/mace",
  "uber": "mace/mace",
  "ultra": "mace/mace"
} },
  { "bloodrise": {
  "normal": "mace/bloodrise",
  "uber": "mace/bloodrise",
  "ultra": "mace/bloodrise"
} },
  { "the_generals_tan_do_li_ga": {
  "normal": "mace/flail",
  "uber": "mace/flail",
  "ultra": "mace/flail"
} },
  { "ironstone": {
  "normal": "hammer/war_hammer",
  "uber": "hammer/war_hammer",
  "ultra": "hammer/war_hammer"
} },
  { "bonesob": {
  "normal": "hammer/bonesob",
  "uber": "hammer/bonesob",
  "ultra": "hammer/bonesob"
} },
  { "steeldriver": {
  "normal": "hammer/great_maul",
  "uber": "hammer/great_maul",
  "ultra": "hammer/great_maul"
} },
  { "rixots_keen": {
  "normal": "sword/short_sword",
  "uber": "sword/short_sword",
  "ultra": "sword/short_sword"
} },
  { "blood_crescent": {
  "normal": "sword/blood_crescent",
  "uber": "sword/blood_crescent",
  "ultra": "sword/blood_crescent"
} },
  { "krintizs_skewer": {
  "normal": "sword/krintizs_skewer",
  "uber": "sword/krintizs_skewer",
  "ultra": "sword/krintizs_skewer"
} },
  { "gleamscythe": {
  "normal": "sword/gleamscythe",
  "uber": "sword/gleamscythe",
  "ultra": "sword/gleamscythe"
} },
  { "griswolds_edge": {
  "normal": "sword/griswolds_edge",
  "uber": "sword/griswolds_edge",
  "ultra": "sword/griswolds_edge"
} },
  { "hellplague": {
  "normal": "sword/hellplague",
  "uber": "sword/hellplague",
  "ultra": "sword/hellplague"
} },
  { "culwens_point": {
  "normal": "sword/war_sword",
  "uber": "sword/war_sword",
  "ultra": "sword/war_sword"
} },
  { "shadowfang": {
  "normal": "sword/shadowfang",
  "uber": "sword/shadowfang",
  "ultra": "sword/shadowfang"
} },
  { "soulflay": {
  "normal": "sword/claymore",
  "uber": "sword/claymore",
  "ultra": "sword/claymore"
} },
  { "kinemils_awl": {
  "normal": "sword/kinemils_awl",
  "uber": "sword/kinemils_awl",
  "ultra": "sword/kinemils_awl"
} },
  { "blacktongue": {
  "normal": "sword/blacktongue",
  "uber": "sword/blacktongue",
  "ultra": "sword/blacktongue"
} },
  { "ripsaw": {
  "normal": "sword/flamberge",
  "uber": "sword/todesfaelle_flamme",
  "ultra": "sword/flamberge"
} },
  { "the_patriarch": {
  "normal": "sword/the_patriarch",
  "uber": "sword/the_patriarch",
  "ultra": "sword/the_patriarch"
} },
  { "gull": {
  "normal": "knife/dagger",
  "uber": "knife/dagger",
  "ultra": "knife/dagger"
} },
  { "the_diggler": {
  "normal": "knife/dirk",
  "uber": "knife/dirk",
  "ultra": "knife/dirk"
} },
  { "the_jade_tan_do": {
  "normal": "knife/the_jade_tan_do",
  "uber": "knife/the_jade_tan_do",
  "ultra": "knife/the_jade_tan_do"
} },
  { "irices_shard": {
  "normal": "knife/blade",
  "uber": "knife/stormspike",
  "ultra": "knife/blade"
} },
  { "the_dragon_chang": {
  "normal": "spear/spear",
  "uber": "spear/spear",
  "ultra": "spear/spear"
} },
  { "razortine": {
  "normal": "spear/razortine",
  "uber": "spear/razortine",
  "ultra": "spear/razortine"
} },
  { "bloodthief": {
  "normal": "spear/brandistock",
  "uber": "spear/soulfeast_tine",
  "ultra": "spear/brandistock"
} },
  { "lance_of_yaggai": {
  "normal": "spear/spetum",
  "uber": "spear/spetum",
  "ultra": "spear/spetum"
} },
  { "the_tannr_gorerod": {
  "normal": "spear/pike",
  "uber": "spear/pike",
  "ultra": "spear/pike"
} },
  { "dimoaks_hew": {
  "normal": "polearm/bardiche",
  "uber": "polearm/bardiche",
  "ultra": "polearm/bardiche"
} },
  { "steelgoad": {
  "normal": "polearm/voulge",
  "uber": "polearm/voulge",
  "ultra": "polearm/voulge"
} },
  { "soul_harvest": {
  "normal": "polearm/soul_harvest",
  "uber": "polearm/soul_harvest",
  "ultra": "polearm/soul_harvest"
} },
  { "the_battlebranch": {
  "normal": "polearm/poleaxe",
  "uber": "polearm/poleaxe",
  "ultra": "polearm/poleaxe"
} },
  { "woestave": {
  "normal": "polearm/halberd",
  "uber": "polearm/halberd",
  "ultra": "polearm/halberd"
} },
  { "the_grim_reaper": {
  "normal": "polearm/war_scythe",
  "uber": "polearm/war_scythe",
  "ultra": "polearm/war_scythe"
} },
  { "bane_ash": {
  "normal": "staff/short_staff",
  "uber": "staff/short_staff",
  "ultra": "staff/short_staff"
} },
  { "serpent_lord": {
  "normal": "staff/long_staff",
  "uber": "staff/long_staff",
  "ultra": "staff/long_staff"
} },
  { "lazarus_spire": {
  "normal": "staff/lazarus_spire",
  "uber": "staff/lazarus_spire",
  "ultra": "staff/lazarus_spire"
} },
  { "the_salamander": {
  "normal": "staff/battle_staff",
  "uber": "staff/battle_staff",
  "ultra": "staff/battle_staff"
} },
  { "the_iron_jang_bong": {
  "normal": "staff/war_staff",
  "uber": "staff/skullcollector",
  "ultra": "staff/war_staff"
} },
  { "pluckeye": {
  "normal": "bow/short_bow",
  "uber": "bow/short_bow",
  "ultra": "bow/short_bow"
} },
  { "witherstring": {
  "normal": "bow/hunters_bow",
  "uber": "bow/hunters_bow",
  "ultra": "bow/hunters_bow"
} },
  { "rimeraven": {
  "normal": "bow/long_bow",
  "uber": "bow/kuko_shakaku",
  "ultra": "bow/long_bow"
} },
  { "piercerib": {
  "normal": "bow/piercerib",
  "uber": "bow/piercerib",
  "ultra": "bow/piercerib"
} },
  { "pullspite": {
  "normal": "bow/pullspite",
  "uber": "bow/pullspite",
  "ultra": "bow/pullspite"
} },
  { "wizendraw": {
  "normal": "bow/long_battle_bow",
  "uber": "bow/long_battle_bow",
  "ultra": "bow/long_battle_bow"
} },
  { "hellclap": {
  "normal": "bow/hellclap",
  "uber": "bow/hellclap",
  "ultra": "bow/hellclap"
} },
  { "blastbark": {
  "normal": "bow/long_war_bow",
  "uber": "bow/long_war_bow",
  "ultra": "bow/long_war_bow"
} },
  { "leadcrow": {
  "normal": "bow/leadcrow",
  "uber": "bow/leadcrow",
  "ultra": "bow/leadcrow"
} },
  { "ichorsting": {
  "normal": "bow/ichorsting",
  "uber": "bow/ichorsting",
  "ultra": "bow/ichorsting"
} },
  { "hellcast": {
  "normal": "bow/hellcast",
  "uber": "bow/hellcast",
  "ultra": "bow/hellcast"
} },
  { "doomspittle": {
  "normal": "bow/doomspittle",
  "uber": "bow/doomspittle",
  "ultra": "bow/doomspittle"
} },
  { "war_bonnet": {
  "normal": "helmet/war_bonnet",
  "uber": "helmet/war_bonnet",
  "ultra": "helmet/war_bonnet"
} },
  { "tarnhelm": {
  "normal": "helmet/skull_cap",
  "uber": "helmet/rockstopper",
  "ultra": "helmet/skull_cap"
} },
  { "coif_of_glory": {
  "normal": "helmet/coif_of_glory",
  "uber": "helmet/coif_of_glory",
  "ultra": "helmet/coif_of_glory"
} },
  { "duskdeep": {
  "normal": "helmet/duskdeep",
  "uber": "helmet/duskdeep",
  "ultra": "helmet/duskdeep"
} },
  { "wormskull": {
  "normal": "helmet/wormskull",
  "uber": "helmet/wormskull",
  "ultra": "helmet/wormskull"
} },
  { "howltusk": {
  "normal": "helmet/great_helm",
  "uber": "helmet/great_helm",
  "ultra": "helmet/great_helm"
} },
  { "undead_crown": {
  "normal": "helmet/crown",
  "uber": "helmet/crown_of_thieves",
  "ultra": "helmet/crown"
} },
  { "the_face_of_horror": {
  "normal": "helmet/mask",
  "uber": "helmet/mask",
  "ultra": "helmet/mask"
} },
  { "greyform": {
  "normal": "armor/quilted_armor",
  "uber": "armor/quilted_armor",
  "ultra": "armor/quilted_armor"
} },
  { "blinkbats_form": {
  "normal": "armor/leather_armor",
  "uber": "armor/leather_armor",
  "ultra": "armor/leather_armor"
} },
  { "the_centurion": {
  "normal": "armor/hard_leather_armor",
  "uber": "armor/hard_leather_armor",
  "ultra": "armor/hard_leather_armor"
} },
  { "twitchthroe": {
  "normal": "armor/studded_leather",
  "uber": "armor/ironpelt",
  "ultra": "armor/studded_leather"
} },
  { "darkglow": {
  "normal": "armor/ring_mail",
  "uber": "armor/ring_mail",
  "ultra": "armor/ring_mail"
} },
  { "hawkmail": {
  "normal": "armor/scale_mail",
  "uber": "armor/scale_mail",
  "ultra": "armor/scale_mail"
} },
  { "sparking_mail": {
  "normal": "armor/chain_mail",
  "uber": "armor/chain_mail",
  "ultra": "armor/chain_mail"
} },
  { "venomsward": {
  "normal": "armor/breast_plate",
  "uber": "armor/breast_plate",
  "ultra": "armor/breast_plate"
} },
  { "iceblink": {
  "normal": "armor/splint_mail",
  "uber": "armor/splint_mail",
  "ultra": "armor/splint_mail"
} },
  { "boneflesh": {
  "normal": "armor/plate_mail",
  "uber": "armor/plate_mail",
  "ultra": "armor/plate_mail"
} },
  { "rockfleece": {
  "normal": "armor/field_plate",
  "uber": "armor/field_plate",
  "ultra": "armor/field_plate"
} },
  { "rattlecage": {
  "normal": "armor/gothic_plate",
  "uber": "armor/gothic_plate",
  "ultra": "armor/gothic_plate"
} },
  { "goldskin": {
  "normal": "armor/goldskin",
  "uber": "armor/goldskin",
  "ultra": "armor/goldskin"
} },
  { "victors_silk": {
  "normal": "armor/victors_silk",
  "uber": "armor/victors_silk",
  "ultra": "armor/victors_silk"
} },
  { "heavenly_garb": {
  "normal": "armor/light_plate",
  "uber": "armor/light_plate",
  "ultra": "armor/light_plate"
} },
  { "pelta_lunata": {
  "normal": "shield/pelta_lunata",
  "uber": "shield/pelta_lunata",
  "ultra": "shield/pelta_lunata"
} },
  { "umbral_disk": {
  "normal": "shield/umbral_disk",
  "uber": "shield/umbral_disk",
  "ultra": "shield/umbral_disk"
} },
  { "stormguild": {
  "normal": "shield/stormguild",
  "uber": "shield/stormguild",
  "ultra": "shield/stormguild"
} },
  { "wall_of_the_eyeless": {
  "normal": "shield/wall_of_the_eyeless",
  "uber": "shield/wall_of_the_eyeless",
  "ultra": "shield/wall_of_the_eyeless"
} },
  { "swordback_hold": {
  "normal": "shield/swordback_hold",
  "uber": "shield/swordback_hold",
  "ultra": "shield/swordback_hold"
} },
  { "steelclash": {
  "normal": "shield/steelclash",
  "uber": "shield/steelclash",
  "ultra": "shield/steelclash"
} },
  { "bverrit_keep": {
  "normal": "shield/bverrit_keep",
  "uber": "shield/bverrit_keep",
  "ultra": "shield/bverrit_keep"
} },
  { "the_ward": {
  "normal": "shield/the_ward",
  "uber": "shield/the_ward",
  "ultra": "shield/the_ward"
} },
  { "the_hand_of_broc": {
  "normal": "glove/gloves_l",
  "uber": "glove/gloves_l",
  "ultra": "glove/gloves_l"
} },
  { "bloodfist": {
  "normal": "glove/heavy_gloves",
  "uber": "glove/heavy_gloves",
  "ultra": "glove/heavy_gloves"
} },
  { "chance_guards": {
  "normal": "glove/bracers_m",
  "uber": "glove/bracers_m",
  "ultra": "glove/bracers_m"
} },
  { "magefist": {
  "normal": "glove/light_gauntlets",
  "uber": "glove/light_gauntlets",
  "ultra": "glove/light_gauntlets"
} },
  { "frostburn": {
  "normal": "glove/gaunlets_h",
  "uber": "glove/gaunlets_h",
  "ultra": "glove/gaunlets_h"
} },
  { "hotspur": {
  "normal": "boot/leather_boots",
  "uber": "boot/leather_boots",
  "ultra": "boot/leather_boots"
} },
  { "gorefoot": {
  "normal": "boot/heavy_boots",
  "uber": "boot/heavy_boots",
  "ultra": "boot/heavy_boots"
} },
  { "treads_of_cthon": {
  "normal": "boot/chain_boots",
  "uber": "boot/chain_boots",
  "ultra": "boot/chain_boots"
} },
  { "goblin_toe": {
  "normal": "boot/light_plate_boots",
  "uber": "boot/light_plate_boots",
  "ultra": "boot/light_plate_boots"
} },
  { "tearhaunch": {
  "normal": "boot/plate_boots",
  "uber": "boot/plate_boots",
  "ultra": "boot/plate_boots"
} },
  { "lenyms_cord": {
  "normal": "belt/sash_l",
  "uber": "belt/sash_l",
  "ultra": "belt/sash_l"
} },
  { "snakecord": {
  "normal": "belt/light_belt",
  "uber": "belt/light_belt",
  "ultra": "belt/light_belt"
} },
  { "nightsmoke": {
  "normal": "belt/belt_m",
  "uber": "belt/belt_m",
  "ultra": "belt/belt_m"
} },
  { "goldwrap": {
  "normal": "belt/heavy_belt",
  "uber": "belt/heavy_belt",
  "ultra": "belt/heavy_belt"
} },
  { "bladebuckle": {
  "normal": "belt/girdle_h",
  "uber": "belt/girdle_h",
  "ultra": "belt/girdle_h"
} },
  { "nokozan_relic": {
  "normal": "amulet/viper_amulet",
  "uber": "amulet/viper_amulet",
  "ultra": "amulet/viper_amulet"
} },
  { "the_eye_of_etlich": {
  "normal": "amulet/viper_amulet",
  "uber": "amulet/viper_amulet",
  "ultra": "amulet/viper_amulet"
} },
  { "the_mahim_oak_curio": {
  "normal": "amulet/viper_amulet",
  "uber": "amulet/viper_amulet",
  "ultra": "amulet/viper_amulet"
} },
  { "nagelring": {
  "normal": "amulet/viper_amulet",
  "uber": "amulet/viper_amulet",
  "ultra": "amulet/viper_amulet"
} },
  { "manald_heal": {
  "normal": "amulet/viper_amulet",
  "uber": "amulet/viper_amulet",
  "ultra": "amulet/viper_amulet"
} },
  { "the_stone_of_jordan": {
  "normal": "amulet/viper_amulet",
  "uber": "amulet/viper_amulet",
  "ultra": "amulet/viper_amulet"
} },
  { "amulet_of_the_viper": {
  "normal": "amulet/viper_amulet",
  "uber": "amulet/viper_amulet",
  "ultra": "amulet/viper_amulet"
} },
  { "staff_of_kings": {
  "normal": "staff/staff_of_the_kings",
  "uber": "staff/staff_of_the_kings",
  "ultra": "staff/staff_of_the_kings"
} },
  { "horadric_staff": {
  "normal": "staff/horadric_staff",
  "uber": "staff/horadric_staff",
  "ultra": "staff/horadric_staff"
} },
  { "hell_forge_hammer": {
  "normal": "hammer/hellforge_hammer",
  "uber": "hammer/hellforge_hammer",
  "ultra": "hammer/hellforge_hammer"
} },
  { "khalim_flail": {
  "normal": "mace/khalim_flail",
  "uber": "mace/khalim_flail",
  "ultra": "mace/khalim_flail"
} },
  { "super_khalim_flail": {
  "normal": "mace/super_khalim_flail",
  "uber": "mace/super_khalim_flail",
  "ultra": "mace/super_khalim_flail"
} },
  { "coldkill": {
  "normal": "axe/the_gnasher",
  "uber": "axe/the_gnasher",
  "ultra": "axe/the_gnasher"
} },
  { "butchers_pupil": {
  "normal": "axe/deathspade",
  "uber": "axe/deathspade",
  "ultra": "axe/deathspade"
} },
  { "islestrike": {
  "normal": "axe/double_axe",
  "uber": "axe/double_axe",
  "ultra": "axe/double_axe"
} },
  { "pompes_wrath": {
  "normal": "axe/mindrend",
  "uber": "axe/mindrend",
  "ultra": "axe/mindrend"
} },
  { "guardian_naga": {
  "normal": "axe/war_axe",
  "uber": "axe/war_axe",
  "ultra": "axe/war_axe"
} },
  { "warlords_trust": {
  "normal": "axe/large_axe",
  "uber": "axe/large_axe",
  "ultra": "axe/large_axe"
} },
  { "spellsteel": {
  "normal": "axe/broad_axe",
  "uber": "axe/broad_axe",
  "ultra": "axe/broad_axe"
} },
  { "stormrider": {
  "normal": "axe/stormrider",
  "uber": "axe/stormrider",
  "ultra": "axe/stormrider"
} },
  { "boneslayer_blade": {
  "normal": "axe/brainhew",
  "uber": "axe/brainhew",
  "ultra": "axe/brainhew"
} },
  { "the_minataur": {
  "normal": "axe/the_minataur",
  "uber": "axe/the_minataur",
  "ultra": "axe/the_minataur"
} },
  { "suicide_branch": {
  "normal": "wand/wand",
  "uber": "wand/wand",
  "ultra": "wand/wand"
} },
  { "carin_shard": {
  "normal": "wand/yew_wand",
  "uber": "wand/yew_wand",
  "ultra": "wand/yew_wand"
} },
  { "arm_of_king_leoric": {
  "normal": "wand/gravenspine",
  "uber": "wand/gravenspine",
  "ultra": "wand/gravenspine"
} },
  { "blackhand_key": {
  "normal": "wand/blackhand_key",
  "uber": "wand/blackhand_key",
  "ultra": "wand/blackhand_key"
} },
  { "dark_clan_crusher": {
  "normal": "club/felloak",
  "uber": "club/felloak",
  "ultra": "club/felloak"
} },
  { "zakarums_hand": {
  "normal": "scepter/scepter",
  "uber": "scepter/scepter",
  "ultra": "scepter/scepter"
} },
  { "the_fetid_sprinkler": {
  "normal": "scepter/grand_scepter",
  "uber": "scepter/grand_scepter",
  "ultra": "scepter/grand_scepter"
} },
  { "hand_of_blessed_light": {
  "normal": "scepter/war_scepter",
  "uber": "scepter/war_scepter",
  "ultra": "scepter/war_scepter"
} },
  { "fleshrender": {
  "normal": "club/stoutnail",
  "uber": "club/stoutnail",
  "ultra": "club/stoutnail"
} },
  { "sureshrill_frost": {
  "normal": "mace/mace",
  "uber": "mace/mace",
  "ultra": "mace/mace"
} },
  { "moonfall": {
  "normal": "mace/bloodrise",
  "uber": "mace/bloodrise",
  "ultra": "mace/bloodrise"
} },
  { "baezils_vortex": {
  "normal": "mace/flail",
  "uber": "mace/flail",
  "ultra": "mace/flail"
} },
  { "earthshaker": {
  "normal": "hammer/war_hammer",
  "uber": "hammer/war_hammer",
  "ultra": "hammer/war_hammer"
} },
  { "bloodtree_stump": {
  "normal": "hammer/maul",
  "uber": "hammer/maul",
  "ultra": "hammer/maul"
} },
  { "the_gavel_of_pain": {
  "normal": "hammer/the_gavel_of_pain",
  "uber": "hammer/the_gavel_of_pain",
  "ultra": "hammer/the_gavel_of_pain"
} },
  { "bloodletter": {
  "normal": "sword/short_sword",
  "uber": "sword/short_sword",
  "ultra": "sword/short_sword"
} },
  { "coldsteel_eye": {
  "normal": "sword/blood_crescent",
  "uber": "sword/blood_crescent",
  "ultra": "sword/blood_crescent"
} },
  { "hexfire": {
  "normal": "sword/hexfire",
  "uber": "sword/hexfire",
  "ultra": "sword/hexfire"
} },
  { "blade_of_ali_baba": {
  "normal": "sword/falchion",
  "uber": "sword/falchion",
  "ultra": "sword/falchion"
} },
  { "ginthers_rift": {
  "normal": "sword/ginthers_rift",
  "uber": "sword/ginthers_rift",
  "ultra": "sword/ginthers_rift"
} },
  { "headstriker": {
  "normal": "sword/broad_sword",
  "uber": "sword/broad_sword",
  "ultra": "sword/broad_sword"
} },
  { "plague_bearer": {
  "normal": "sword/plague_bearer",
  "uber": "sword/plague_bearer",
  "ultra": "sword/plague_bearer"
} },
  { "the_atlantian": {
  "normal": "sword/war_sword",
  "uber": "sword/war_sword",
  "ultra": "sword/war_sword"
} },
  { "crainte_vomir": {
  "normal": "sword/shadowfang",
  "uber": "sword/shadowfang",
  "ultra": "sword/shadowfang"
} },
  { "bing_sz_wang": {
  "normal": "sword/claymore",
  "uber": "sword/claymore",
  "ultra": "sword/claymore"
} },
  { "the_vile_husk": {
  "normal": "sword/kinemils_awl",
  "uber": "sword/kinemils_awl",
  "ultra": "sword/kinemils_awl"
} },
  { "cloudcrack": {
  "normal": "sword/blacktongue",
  "uber": "sword/blacktongue",
  "ultra": "sword/blacktongue"
} },
  { "todesfaelle_flamme": {
  "normal": "sword/todesfaelle_flamme",
  "uber": "sword/todesfaelle_flamme",
  "ultra": "sword/todesfaelle_flamme"
} },
  { "swordguard": {
  "normal": "sword/the_patriarch",
  "uber": "sword/the_patriarch",
  "ultra": "sword/the_patriarch"
} },
  { "spineripper": {
  "normal": "knife/dagger",
  "uber": "knife/dagger",
  "ultra": "knife/dagger"
} },
  { "heart_carver": {
  "normal": "knife/dirk",
  "uber": "knife/dirk",
  "ultra": "knife/dirk"
} },
  { "blackbogs_sharp": {
  "normal": "knife/the_jade_tan_do",
  "uber": "knife/the_jade_tan_do",
  "ultra": "knife/the_jade_tan_do"
} },
  { "stormspike": {
  "normal": "knife/stormspike",
  "uber": "knife/stormspike",
  "ultra": "knife/stormspike"
} },
  { "the_impaler": {
  "normal": "spear/spear",
  "uber": "spear/spear",
  "ultra": "spear/spear"
} },
  { "kelpie_snare": {
  "normal": "spear/razortine",
  "uber": "spear/razortine",
  "ultra": "spear/razortine"
} },
  { "soulfeast_tine": {
  "normal": "spear/soulfeast_tine",
  "uber": "spear/soulfeast_tine",
  "ultra": "spear/soulfeast_tine"
} },
  { "hone_sundan": {
  "normal": "spear/spetum",
  "uber": "spear/spetum",
  "ultra": "spear/spetum"
} },
  { "spire_of_honor": {
  "normal": "spear/pike",
  "uber": "spear/pike",
  "ultra": "spear/pike"
} },
  { "the_meat_scraper": {
  "normal": "polearm/bardiche",
  "uber": "polearm/bardiche",
  "ultra": "polearm/bardiche"
} },
  { "blackleach_blade": {
  "normal": "polearm/voulge",
  "uber": "polearm/voulge",
  "ultra": "polearm/voulge"
} },
  { "athenas_wrath": {
  "normal": "polearm/athenas_wrath",
  "uber": "polearm/athenas_wrath",
  "ultra": "polearm/athenas_wrath"
} },
  { "pierre_tombale_couant": {
  "normal": "polearm/poleaxe",
  "uber": "polearm/poleaxe",
  "ultra": "polearm/poleaxe"
} },
  { "husoldal_evo": {
  "normal": "polearm/halberd",
  "uber": "polearm/halberd",
  "ultra": "polearm/halberd"
} },
  { "grims_burning_dead": {
  "normal": "polearm/war_scythe",
  "uber": "polearm/war_scythe",
  "ultra": "polearm/war_scythe"
} },
  { "razorswitch": {
  "normal": "staff/short_staff",
  "uber": "staff/short_staff",
  "ultra": "staff/short_staff"
} },
  { "ribcracker": {
  "normal": "staff/long_staff",
  "uber": "staff/long_staff",
  "ultra": "staff/long_staff"
} },
  { "chromatic_ire": {
  "normal": "staff/lazarus_spire",
  "uber": "staff/lazarus_spire",
  "ultra": "staff/lazarus_spire"
} },
  { "warpspear": {
  "normal": "staff/battle_staff",
  "uber": "staff/battle_staff",
  "ultra": "staff/battle_staff"
} },
  { "skullcollector": {
  "normal": "staff/skullcollector",
  "uber": "staff/skullcollector",
  "ultra": "staff/skullcollector"
} },
  { "skystrike": {
  "normal": "bow/short_bow",
  "uber": "bow/short_bow",
  "ultra": "bow/short_bow"
} },
  { "riphook": {
  "normal": "bow/hunters_bow",
  "uber": "bow/hunters_bow",
  "ultra": "bow/hunters_bow"
} },
  { "kuko_shakaku": {
  "normal": "bow/kuko_shakaku",
  "uber": "bow/kuko_shakaku",
  "ultra": "bow/kuko_shakaku"
} },
  { "endlesshail": {
  "normal": "bow/piercerib",
  "uber": "bow/piercerib",
  "ultra": "bow/piercerib"
} },
  { "whichwild_string": {
  "normal": "bow/whichwild_string",
  "uber": "bow/whichwild_string",
  "ultra": "bow/whichwild_string"
} },
  { "cliffkiller": {
  "normal": "bow/long_battle_bow",
  "uber": "bow/long_battle_bow",
  "ultra": "bow/long_battle_bow"
} },
  { "magewrath": {
  "normal": "bow/hellclap",
  "uber": "bow/hellclap",
  "ultra": "bow/hellclap"
} },
  { "godstrike_arch": {
  "normal": "bow/long_war_bow",
  "uber": "bow/long_war_bow",
  "ultra": "bow/long_war_bow"
} },
  { "langer_briser": {
  "normal": "bow/langer_briser",
  "uber": "bow/langer_briser",
  "ultra": "bow/langer_briser"
} },
  { "pus_spiter": {
  "normal": "bow/pus_spiter",
  "uber": "bow/pus_spiter",
  "ultra": "bow/pus_spiter"
} },
  { "buriza_do_kyanon": {
  "normal": "bow/hellcast",
  "uber": "bow/hellcast",
  "ultra": "bow/hellcast"
} },
  { "demon_machine": {
  "normal": "bow/doomspittle",
  "uber": "bow/doomspittle",
  "ultra": "bow/doomspittle"
} },
  { "peasent_crown": {
  "normal": "helmet/cap_hat",
  "uber": "helmet/cap_hat",
  "ultra": "helmet/cap_hat"
} },
  { "rockstopper": {
  "normal": "helmet/rockstopper",
  "uber": "helmet/rockstopper",
  "ultra": "helmet/rockstopper"
} },
  { "stealskull": {
  "normal": "helmet/coif_of_glory",
  "uber": "helmet/coif_of_glory",
  "ultra": "helmet/coif_of_glory"
} },
  { "darksight_helm": {
  "normal": "helmet/duskdeep",
  "uber": "helmet/duskdeep",
  "ultra": "helmet/duskdeep"
} },
  { "valkiry_wing": {
  "normal": "helmet/great_helm",
  "uber": "helmet/great_helm",
  "ultra": "helmet/great_helm"
} },
  { "crown_of_thieves": {
  "normal": "helmet/crown_of_thieves",
  "uber": "helmet/crown_of_thieves",
  "ultra": "helmet/crown_of_thieves"
} },
  { "blackhorns_face": {
  "normal": "helmet/mask",
  "uber": "helmet/mask",
  "ultra": "helmet/mask"
} },
  { "vampiregaze": {
  "normal": "helmet/wormskull",
  "uber": "helmet/wormskull",
  "ultra": "helmet/wormskull"
} },
  { "the_spirit_shroud": {
  "normal": "armor/quilted_armor",
  "uber": "armor/quilted_armor",
  "ultra": "armor/quilted_armor"
} },
  { "skin_of_the_vipermagi": {
  "normal": "armor/leather_armor",
  "uber": "armor/leather_armor",
  "ultra": "armor/leather_armor"
} },
  { "skin_of_the_flayerd_one": {
  "normal": "armor/hard_leather_armor",
  "uber": "armor/hard_leather_armor",
  "ultra": "armor/hard_leather_armor"
} },
  { "ironpelt": {
  "normal": "armor/ironpelt",
  "uber": "armor/ironpelt",
  "ultra": "armor/ironpelt"
} },
  { "spiritforge": {
  "normal": "armor/ring_mail",
  "uber": "armor/ring_mail",
  "ultra": "armor/ring_mail"
} },
  { "crow_caw": {
  "normal": "armor/scale_mail",
  "uber": "armor/scale_mail",
  "ultra": "armor/scale_mail"
} },
  { "shaftstop": {
  "normal": "armor/chain_mail",
  "uber": "armor/chain_mail",
  "ultra": "armor/chain_mail"
} },
  { "duriels_shell": {
  "normal": "armor/breast_plate",
  "uber": "armor/breast_plate",
  "ultra": "armor/breast_plate"
} },
  { "skullders_ire": {
  "normal": "armor/splint_mail",
  "uber": "armor/splint_mail",
  "ultra": "armor/splint_mail"
} },
  { "guardian_angel": {
  "normal": "armor/plate_mail",
  "uber": "armor/plate_mail",
  "ultra": "armor/plate_mail"
} },
  { "toothrow": {
  "normal": "armor/field_plate",
  "uber": "armor/field_plate",
  "ultra": "armor/field_plate"
} },
  { "atmas_wail": {
  "normal": "armor/gothic_plate",
  "uber": "armor/gothic_plate",
  "ultra": "armor/gothic_plate"
} },
  { "black_hades": {
  "normal": "armor/full_plate_mail",
  "uber": "armor/full_plate_mail",
  "ultra": "armor/full_plate_mail"
} },
  { "corpsemourn": {
  "normal": "armor/corpsemourn",
  "uber": "armor/corpsemourn",
  "ultra": "armor/corpsemourn"
} },
  { "que_hegans_wisdon": {
  "normal": "armor/light_plate",
  "uber": "armor/light_plate",
  "ultra": "armor/light_plate"
} },
  { "visceratuant": {
  "normal": "shield/pelta_lunata",
  "uber": "shield/pelta_lunata",
  "ultra": "shield/pelta_lunata"
} },
  { "mosers_blessed_circle": {
  "normal": "shield/mosers_blessed_circle",
  "uber": "shield/mosers_blessed_circle",
  "ultra": "shield/mosers_blessed_circle"
} },
  { "stormchaser": {
  "normal": "shield/stormchaser",
  "uber": "shield/stormchaser",
  "ultra": "shield/stormchaser"
} },
  { "tiamats_rebuke": {
  "normal": "shield/steelclash",
  "uber": "shield/steelclash",
  "ultra": "shield/steelclash"
} },
  { "kerkes_sanctuary": {
  "normal": "shield/bverrit_keep",
  "uber": "shield/bverrit_keep",
  "ultra": "shield/bverrit_keep"
} },
  { "radimants_sphere": {
  "normal": "shield/the_ward",
  "uber": "shield/the_ward",
  "ultra": "shield/the_ward"
} },
  { "lidless_wall": {
  "normal": "shield/lidless_wall",
  "uber": "shield/lidless_wall",
  "ultra": "shield/lidless_wall"
} },
  { "lance_guard": {
  "normal": "shield/lance_guard",
  "uber": "shield/lance_guard",
  "ultra": "shield/lance_guard"
} },
  { "venom_grip": {
  "normal": "glove/gloves_l",
  "uber": "glove/gloves_l",
  "ultra": "glove/gloves_l"
} },
  { "gravepalm": {
  "normal": "glove/heavy_gloves",
  "uber": "glove/heavy_gloves",
  "ultra": "glove/heavy_gloves"
} },
  { "ghoulhide": {
  "normal": "glove/bracers_m",
  "uber": "glove/bracers_m",
  "ultra": "glove/bracers_m"
} },
  { "lavagout": {
  "normal": "glove/light_gauntlets",
  "uber": "glove/light_gauntlets",
  "ultra": "glove/light_gauntlets"
} },
  { "hellmouth": {
  "normal": "glove/gaunlets_h",
  "uber": "glove/gaunlets_h",
  "ultra": "glove/gaunlets_h"
} },
  { "infernostride": {
  "normal": "boot/leather_boots",
  "uber": "boot/leather_boots",
  "ultra": "boot/leather_boots"
} },
  { "waterwalk": {
  "normal": "boot/heavy_boots",
  "uber": "boot/heavy_boots",
  "ultra": "boot/heavy_boots"
} },
  { "silkweave": {
  "normal": "boot/chain_boots",
  "uber": "boot/chain_boots",
  "ultra": "boot/chain_boots"
} },
  { "wartraveler": {
  "normal": "boot/light_plate_boots",
  "uber": "boot/light_plate_boots",
  "ultra": "boot/light_plate_boots"
} },
  { "gorerider": {
  "normal": "boot/plate_boots",
  "uber": "boot/plate_boots",
  "ultra": "boot/plate_boots"
} },
  { "string_of_ears": {
  "normal": "belt/sash_l",
  "uber": "belt/sash_l",
  "ultra": "belt/sash_l"
} },
  { "razortail": {
  "normal": "belt/light_belt",
  "uber": "belt/light_belt",
  "ultra": "belt/light_belt"
} },
  { "gloomstrap": {
  "normal": "belt/belt_m",
  "uber": "belt/belt_m",
  "ultra": "belt/belt_m"
} },
  { "snowclash": {
  "normal": "belt/heavy_belt",
  "uber": "belt/heavy_belt",
  "ultra": "belt/heavy_belt"
} },
  { "thudergods_vigor": {
  "normal": "belt/girdle_h",
  "uber": "belt/girdle_h",
  "ultra": "belt/girdle_h"
} },
  { "harlequin_crest": {
  "normal": "helmet/cap_hat",
  "uber": "helmet/cap_hat",
  "ultra": "helmet/cap_hat"
} },
  { "veil_of_steel": {
  "normal": "helmet/great_helm",
  "uber": "helmet/great_helm",
  "ultra": "helmet/great_helm"
} },
  { "the_gladiators_bane": {
  "normal": "armor/studded_leather",
  "uber": "armor/ironpelt",
  "ultra": "armor/studded_leather"
} },
  { "arkaines_valor": {
  "normal": "armor/splint_mail",
  "uber": "armor/splint_mail",
  "ultra": "armor/splint_mail"
} },
  { "blackoak_shield": {
  "normal": "shield/umbral_disk",
  "uber": "shield/umbral_disk",
  "ultra": "shield/umbral_disk"
} },
  { "stormshield": {
  "normal": "shield/steelclash",
  "uber": "shield/steelclash",
  "ultra": "shield/steelclash"
} },
  { "hellslayer": {
  "normal": "axe/the_chieftan",
  "uber": "axe/the_chieftan",
  "ultra": "axe/the_chieftan"
} },
  { "messerschmidts_reaver": {
  "normal": "axe/brainhew",
  "uber": "axe/brainhew",
  "ultra": "axe/brainhew"
} },
  { "baranars_star": {
  "normal": "mace/bloodrise",
  "uber": "mace/bloodrise",
  "ultra": "mace/bloodrise"
} },
  { "schaefers_hammer": {
  "normal": "hammer/war_hammer",
  "uber": "hammer/war_hammer",
  "ultra": "hammer/war_hammer"
} },
  { "the_cranium_basher": {
  "normal": "hammer/great_maul",
  "uber": "hammer/the_gavel_of_pain",
  "ultra": "hammer/great_maul"
} },
  { "lightsabre": {
  "normal": "sword/lightsabre",
  "uber": "sword/lightsabre",
  "ultra": "sword/lightsabre"
} },
  { "doombringer": {
  "normal": "sword/blacktongue",
  "uber": "sword/blacktongue",
  "ultra": "sword/blacktongue"
} },
  { "the_grandfather": {
  "normal": "sword/the_patriarch",
  "uber": "sword/the_patriarch",
  "ultra": "sword/the_patriarch"
} },
  { "wizardspike": {
  "normal": "knife/dagger",
  "uber": "knife/dagger",
  "ultra": "knife/dagger"
} },
  { "stormspire": {
  "normal": "polearm/war_scythe",
  "uber": "polearm/war_scythe",
  "ultra": "polearm/war_scythe"
} },
  { "eaglehorn": {
  "normal": "bow/long_battle_bow",
  "uber": "bow/long_battle_bow",
  "ultra": "bow/long_battle_bow"
} },
  { "windforce": {
  "normal": "bow/long_war_bow",
  "uber": "bow/long_war_bow",
  "ultra": "bow/long_war_bow"
} },
  { "bul_kathos_wedding_band": {
  "normal": "amulet/viper_amulet",
  "uber": "amulet/viper_amulet",
  "ultra": "amulet/viper_amulet"
} },
  { "the_cats_eye": {
  "normal": "amulet/viper_amulet",
  "uber": "amulet/viper_amulet",
  "ultra": "amulet/viper_amulet"
} },
  { "the_rising_sun": {
  "normal": "amulet/viper_amulet",
  "uber": "amulet/viper_amulet",
  "ultra": "amulet/viper_amulet"
} },
  { "crescent_moon": {
  "normal": "amulet/viper_amulet",
  "uber": "amulet/viper_amulet",
  "ultra": "amulet/viper_amulet"
} },
  { "maras_kaleidoscope": {
  "normal": "amulet/viper_amulet",
  "uber": "amulet/viper_amulet",
  "ultra": "amulet/viper_amulet"
} },
  { "atmas_scarab": {
  "normal": "amulet/viper_amulet",
  "uber": "amulet/viper_amulet",
  "ultra": "amulet/viper_amulet"
} },
  { "dwarf_star": {
  "normal": "amulet/viper_amulet",
  "uber": "amulet/viper_amulet",
  "ultra": "amulet/viper_amulet"
} },
  { "raven_frost": {
  "normal": "amulet/viper_amulet",
  "uber": "amulet/viper_amulet",
  "ultra": "amulet/viper_amulet"
} },
  { "highlords_wrath": {
  "normal": "amulet/viper_amulet",
  "uber": "amulet/viper_amulet",
  "ultra": "amulet/viper_amulet"
} },
  { "saracens_chance": {
  "normal": "amulet/viper_amulet",
  "uber": "amulet/viper_amulet",
  "ultra": "amulet/viper_amulet"
} },
  { "arreats_face": {
  "normal": "helmet/avenger_guard",
  "uber": "helmet/avenger_guard",
  "ultra": "helmet/avenger_guard"
} },
  { "homunculus": {
  "normal": "voodoo_head/demon_head",
  "uber": "voodoo_head/demon_head",
  "ultra": "voodoo_head/demon_head"
} },
  { "titans_revenge": {
  "normal": "javelin/maiden_javelin",
  "uber": "javelin/maiden_javelin",
  "ultra": "javelin/maiden_javelin"
} },
  { "lycanders_aim": {
  "normal": "bow/reflex_bow",
  "uber": "bow/reflex_bow",
  "ultra": "bow/reflex_bow"
} },
  { "lycanders_flank": {
  "normal": "spear/maiden_pike",
  "uber": "spear/maiden_pike",
  "ultra": "spear/maiden_pike"
} },
  { "the_oculus": {
  "normal": "orb/dragon_stone",
  "uber": "orb/dragon_stone",
  "ultra": "orb/dragon_stone"
} },
  { "herald_of_zakarum": {
  "normal": "shield/aerin_shield",
  "uber": "shield/aerin_shield",
  "ultra": "shield/aerin_shield"
} },
  { "cutthroat_1": {
  "normal": "h2h/claws",
  "uber": "h2h/claws",
  "ultra": "h2h/claws"
} },
  { "jalals_mane": {
  "normal": "pelt/spirit_mask",
  "uber": "pelt/spirit_mask",
  "ultra": "pelt/spirit_mask"
} },
  { "the_scalper": {
  "normal": "axe/throwing_axe",
  "uber": "axe/throwing_axe",
  "ultra": "axe/throwing_axe"
} },
  { "bloodmoon": {
  "normal": "sword/hexfire",
  "uber": "sword/hexfire",
  "ultra": "sword/hexfire"
} },
  { "djinnslayer": {
  "normal": "sword/blood_crescent",
  "uber": "sword/blood_crescent",
  "ultra": "sword/blood_crescent"
} },
  { "deathbit": {
  "normal": "knife/throwing_knife",
  "uber": "knife/throwing_knife",
  "ultra": "knife/throwing_knife"
} },
  { "warshrike": {
  "normal": "knife/warshrike",
  "uber": "knife/warshrike",
  "ultra": "knife/warshrike"
} },
  { "gutsiphon": {
  "normal": "bow/doomspittle",
  "uber": "bow/doomspittle",
  "ultra": "bow/doomspittle"
} },
  { "razoredge": {
  "normal": "axe/the_gnasher",
  "uber": "axe/the_gnasher",
  "ultra": "axe/the_gnasher"
} },
  { "demonlimb": {
  "normal": "club/stoutnail",
  "uber": "club/stoutnail",
  "ultra": "club/stoutnail"
} },
  { "steelshade": {
  "normal": "helmet/coif_of_glory",
  "uber": "helmet/coif_of_glory",
  "ultra": "helmet/coif_of_glory"
} },
  { "tomb_reaver": {
  "normal": "polearm/poleaxe",
  "uber": "polearm/poleaxe",
  "ultra": "polearm/poleaxe"
} },
  { "deathss_web": {
  "normal": "wand/grim_wand",
  "uber": "wand/blackhand_key",
  "ultra": "wand/grim_wand"
} },
  { "natures_peace": {
  "normal": "amulet/viper_amulet",
  "uber": "amulet/viper_amulet",
  "ultra": "amulet/viper_amulet"
} },
  { "azurewrath": {
  "normal": "sword/crystal_sword",
  "uber": "sword/crystal_sword",
  "ultra": "sword/crystal_sword"
} },
  { "seraphs_hymn": {
  "normal": "amulet/viper_amulet2",
  "uber": "amulet/viper_amulet2",
  "ultra": "amulet/viper_amulet2"
} },
  { "fleshripper": {
  "normal": "knife/the_jade_tan_do",
  "uber": "knife/the_jade_tan_do",
  "ultra": "knife/the_jade_tan_do"
} },
  { "horizons_tornado": {
  "normal": "mace/flail",
  "uber": "mace/flail",
  "ultra": "mace/flail"
} },
  { "stone_crusher": {
  "normal": "hammer/war_hammer",
  "uber": "hammer/war_hammer",
  "ultra": "hammer/war_hammer"
} },
  { "jadetalon": {
  "normal": "h2h/katar",
  "uber": "h2h/katar",
  "ultra": "h2h/katar"
} },
  { "shadowdancer": {
  "normal": "boot/plate_boots",
  "uber": "boot/plate_boots",
  "ultra": "boot/plate_boots"
} },
  { "cerebus": {
  "normal": "pelt/wolf_head",
  "uber": "pelt/wolf_head",
  "ultra": "pelt/wolf_head"
} },
  { "tyraels_might": {
  "normal": "armor/victors_silk",
  "uber": "armor/victors_silk",
  "ultra": "armor/victors_silk"
} },
  { "souldrain": {
  "normal": "glove/bracers_m",
  "uber": "glove/bracers_m",
  "ultra": "glove/bracers_m"
} },
  { "runemaster": {
  "normal": "axe/double_axe",
  "uber": "axe/double_axe",
  "ultra": "axe/double_axe"
} },
  { "deathcleaver": {
  "normal": "axe/war_axe",
  "uber": "axe/war_axe",
  "ultra": "axe/war_axe"
} },
  { "executioners_justice": {
  "normal": "axe/giant_axe",
  "uber": "axe/the_minataur",
  "ultra": "axe/giant_axe"
} },
  { "stoneraven": {
  "normal": "spear/maiden_spear",
  "uber": "spear/maiden_spear",
  "ultra": "spear/maiden_spear"
} },
  { "leviathan": {
  "normal": "armor/field_plate",
  "uber": "armor/field_plate",
  "ultra": "armor/field_plate"
} },
  { "wisp": {
  "normal": "amulet/viper_amulet",
  "uber": "amulet/viper_amulet",
  "ultra": "amulet/viper_amulet"
} },
  { "gargoyles_bite": {
  "normal": "javelin/throwing_spear",
  "uber": "javelin/throwing_spear",
  "ultra": "javelin/throwing_spear"
} },
  { "lacerator": {
  "normal": "axe/balanced_axe",
  "uber": "axe/balanced_axe",
  "ultra": "axe/balanced_axe"
} },
  { "mang_songs_lesson": {
  "normal": "staff/skullcollector",
  "uber": "staff/skullcollector",
  "ultra": "staff/skullcollector"
} },
  { "viperfork": {
  "normal": "spear/brandistock",
  "uber": "spear/soulfeast_tine",
  "ultra": "spear/brandistock"
} },
  { "ethereal_edge": {
  "normal": "axe/broad_axe",
  "uber": "axe/broad_axe",
  "ultra": "axe/broad_axe"
} },
  { "demonhorns_edge": {
  "normal": "helmet/horned_helm",
  "uber": "helmet/horned_helm",
  "ultra": "helmet/horned_helm"
} },
  { "the_reapers_toll": {
  "normal": "polearm/scythe",
  "uber": "polearm/scythe",
  "ultra": "polearm/scythe"
} },
  { "spiritkeeper": {
  "normal": "pelt/antlers",
  "uber": "pelt/antlers",
  "ultra": "pelt/antlers"
} },
  { "hellrack": {
  "normal": "bow/hellcast",
  "uber": "bow/hellcast",
  "ultra": "bow/hellcast"
} },
  { "alma_negra": {
  "normal": "shield/rondache",
  "uber": "shield/rondache",
  "ultra": "shield/rondache"
} },
  { "darkforge_spawn": {
  "normal": "voodoo_head/demon_head",
  "uber": "voodoo_head/demon_head",
  "ultra": "voodoo_head/demon_head"
} },
  { "widowmaker": {
  "normal": "bow/hellclap",
  "uber": "bow/hellclap",
  "ultra": "bow/hellclap"
} },
  { "bloodravens_charge": {
  "normal": "bow/hellclap",
  "uber": "bow/hellclap",
  "ultra": "bow/hellclap"
} },
  { "ghostflame": {
  "normal": "knife/blade",
  "uber": "knife/stormspike",
  "ultra": "knife/blade"
} },
  { "shadowkiller": {
  "normal": "h2h/shadowkiller",
  "uber": "h2h/shadowkiller",
  "ultra": "h2h/shadowkiller"
} },
  { "gimmershred": {
  "normal": "axe/throwing_axe",
  "uber": "axe/throwing_axe",
  "ultra": "axe/throwing_axe"
} },
  { "griffons_eye": {
  "normal": "circlet/diadem",
  "uber": "circlet/tiara",
  "ultra": "circlet/diadem"
} },
  { "windhammer": {
  "normal": "hammer/maul",
  "uber": "hammer/maul",
  "ultra": "hammer/maul"
} },
  { "thunderstroke": {
  "normal": "javelin/maiden_javelin",
  "uber": "javelin/maiden_javelin",
  "ultra": "javelin/maiden_javelin"
} },
  { "demons_arch": {
  "normal": "javelin/short_spear",
  "uber": "javelin/short_spear",
  "ultra": "javelin/short_spear"
} },
  { "boneflame": {
  "normal": "voodoo_head/gargoyle_head",
  "uber": "voodoo_head/gargoyle_head",
  "ultra": "voodoo_head/gargoyle_head"
} },
  { "steelpillar": {
  "normal": "spear/pike",
  "uber": "spear/pike",
  "ultra": "spear/pike"
} },
  { "nightwings_veil": {
  "normal": "helmet/great_helm",
  "uber": "helmet/great_helm",
  "ultra": "helmet/great_helm"
} },
  { "crown_of_ages": {
  "normal": "helmet/crown",
  "uber": "helmet/crown_of_thieves",
  "ultra": "helmet/crown"
} },
  { "andariels_visage": {
  "normal": "helmet/mask",
  "uber": "helmet/mask",
  "ultra": "helmet/mask"
} },
  { "dragonscale": {
  "normal": "shield/aerin_shield",
  "uber": "shield/aerin_shield",
  "ultra": "shield/aerin_shield"
} },
  { "steel_carapice": {
  "normal": "armor/full_plate_mail",
  "uber": "armor/full_plate_mail",
  "ultra": "armor/full_plate_mail"
} },
  { "medusas_gaze": {
  "normal": "shield/bverrit_keep",
  "uber": "shield/bverrit_keep",
  "ultra": "shield/bverrit_keep"
} },
  { "ravenlore": {
  "normal": "pelt/falcon_mask",
  "uber": "pelt/falcon_mask",
  "ultra": "pelt/falcon_mask"
} },
  { "boneshade": {
  "normal": "wand/gravenspine",
  "uber": "wand/gravenspine",
  "ultra": "wand/gravenspine"
} },
  { "flamebellow": {
  "normal": "sword/kinemils_awl",
  "uber": "sword/kinemils_awl",
  "ultra": "sword/kinemils_awl"
} },
  { "fathom": {
  "normal": "orb/dragon_stone",
  "uber": "orb/dragon_stone",
  "ultra": "orb/dragon_stone"
} },
  { "wolfhowl": {
  "normal": "helmet/fanged_helm",
  "uber": "helmet/fanged_helm",
  "ultra": "helmet/fanged_helm"
} },
  { "spirit_ward": {
  "normal": "shield/the_ward",
  "uber": "shield/the_ward",
  "ultra": "shield/the_ward"
} },
  { "kiras_guardian": {
  "normal": "circlet/tiara",
  "uber": "circlet/tiara",
  "ultra": "circlet/diadem"
} },
  { "ormus_robes": {
  "normal": "armor/quilted_armor",
  "uber": "armor/quilted_armor",
  "ultra": "armor/quilted_armor"
} },
  { "gheeds_fortune": {
  "normal": "charm/charm_large",
  "uber": "charm/charm_large",
  "ultra": "charm/charm_large"
} },
  { "stormlash": {
  "normal": "mace/flail",
  "uber": "mace/flail",
  "ultra": "mace/flail"
} },
  { "halaberds_reign": {
  "normal": "helmet/assault_helmet",
  "uber": "helmet/assault_helmet",
  "ultra": "helmet/assault_helmet"
} },
  { "spike_thorn": {
  "normal": "shield/swordback_hold",
  "uber": "shield/swordback_hold",
  "ultra": "shield/swordback_hold"
} },
  { "draculs_grasp": {
  "normal": "glove/heavy_gloves",
  "uber": "glove/heavy_gloves",
  "ultra": "glove/heavy_gloves"
} },
  { "frostwind": {
  "normal": "sword/hellplague",
  "uber": "sword/hellplague",
  "ultra": "sword/hellplague"
} },
  { "templars_might": {
  "normal": "armor/victors_silk",
  "uber": "armor/victors_silk",
  "ultra": "armor/victors_silk"
} },
  { "eschutas_temper": {
  "normal": "orb/sacred_globe",
  "uber": "orb/sacred_globe",
  "ultra": "orb/sacred_globe"
} },
  { "firelizards_talons": {
  "normal": "h2h/claws",
  "uber": "h2h/claws",
  "ultra": "h2h/claws"
} },
  { "sandstorm_trek": {
  "normal": "boot/heavy_boots",
  "uber": "boot/heavy_boots",
  "ultra": "boot/heavy_boots"
} },
  { "marrowwalk": {
  "normal": "boot/chain_boots",
  "uber": "boot/chain_boots",
  "ultra": "boot/chain_boots"
} },
  { "heavens_light": {
  "normal": "scepter/scepter",
  "uber": "scepter/scepter",
  "ultra": "scepter/scepter"
} },
  { "arachnid_mesh": {
  "normal": "belt/sash_l",
  "uber": "belt/sash_l",
  "ultra": "belt/sash_l"
} },
  { "nosferatus_coil": {
  "normal": "belt/light_belt",
  "uber": "belt/light_belt",
  "ultra": "belt/light_belt"
} },
  { "metalgrid": {
  "normal": "amulet/viper_amulet",
  "uber": "amulet/viper_amulet",
  "ultra": "amulet/viper_amulet"
} },
  { "verdugos_hearty_cord": {
  "normal": "belt/belt_m",
  "uber": "belt/belt_m",
  "ultra": "belt/belt_m"
} },
  { "carrion_wind": {
  "normal": "amulet/viper_amulet",
  "uber": "amulet/viper_amulet",
  "ultra": "amulet/viper_amulet"
} },
  { "giantskull": {
  "normal": "helmet/bone_helm",
  "uber": "helmet/bone_helm",
  "ultra": "helmet/bone_helm"
} },
  { "ironward": {
  "normal": "scepter/war_scepter",
  "uber": "scepter/war_scepter",
  "ultra": "scepter/war_scepter"
} },
  { "annihilus": {
  "normal": "quest/mephisto_soul_stone",
  "uber": "quest/mephisto_soul_stone",
  "ultra": "quest/mephisto_soul_stone"
} },
  { "ariocs_needle": {
  "normal": "spear/spear",
  "uber": "spear/spear",
  "ultra": "spear/spear"
} },
  { "cranebeak": {
  "normal": "axe/mindrend",
  "uber": "axe/mindrend",
  "ultra": "axe/mindrend"
} },
  { "nords_tenderizer": {
  "normal": "club/felloak",
  "uber": "club/felloak",
  "ultra": "club/felloak"
} },
  { "earthshifter": {
  "normal": "hammer/great_maul",
  "uber": "hammer/the_gavel_of_pain",
  "ultra": "hammer/great_maul"
} },
  { "wraithflight": {
  "normal": "javelin/glaive",
  "uber": "javelin/glaive",
  "ultra": "javelin/glaive"
} },
  { "bonehew": {
  "normal": "polearm/bardiche",
  "uber": "polearm/bardiche",
  "ultra": "polearm/bardiche"
} },
  { "ondals_wisdom": {
  "normal": "staff/lazarus_spire",
  "uber": "staff/lazarus_spire",
  "ultra": "staff/lazarus_spire"
} },
  { "the_reedeemer": {
  "normal": "scepter/scepter",
  "uber": "scepter/scepter",
  "ultra": "scepter/scepter"
} },
  { "headhunters_glory": {
  "normal": "shield/wall_of_the_eyeless",
  "uber": "shield/wall_of_the_eyeless",
  "ultra": "shield/wall_of_the_eyeless"
} },
  { "steelrend": {
  "normal": "glove/gaunlets_h",
  "uber": "glove/gaunlets_h",
  "ultra": "glove/gaunlets_h"
} },
  { "rainbow_facet": {
  "normal": "gem/perfect_diamond",
  "uber": "gem/perfect_diamond",
  "ultra": "gem/perfect_diamond"
} },
  { "hellfire_torch": {
  "normal": "torch/torch",
  "uber": "torch/torch",
  "ultra": "torch/torch"
} },
  { "amasc": {
  "normal": "new/soul_crystal",
  "uber": "new/soul_crystal",
  "ultra": "new/soul_crystal"
} },
  { "sorsc": {
  "normal": "new/soul_crystal",
  "uber": "new/soul_crystal",
  "ultra": "new/soul_crystal"
} },
  { "necsc": {
  "normal": "new/soul_crystal",
  "uber": "new/soul_crystal",
  "ultra": "new/soul_crystal"
} },
  { "palsc": {
  "normal": "new/soul_crystal",
  "uber": "new/soul_crystal",
  "ultra": "new/soul_crystal"
} },
  { "barsc": {
  "normal": "new/soul_crystal",
  "uber": "new/soul_crystal",
  "ultra": "new/soul_crystal"
} },
  { "drusc": {
  "normal": "new/soul_crystal",
  "uber": "new/soul_crystal",
  "ultra": "new/soul_crystal"
} },
  { "asssc": {
  "normal": "new/soul_crystal",
  "uber": "new/soul_crystal",
  "ultra": "new/soul_crystal"
} }
]